,source,target,Alignment,Energy_Kcal_Mol,Al_Len,Subject_Identity,Query_Identity,PCC.cor,PCC_magnitude,PCC_direction,p_value
1,Cluster_11565,FUN_003719,ntLink_8:14665340-14714330;2 16;37192 37214,-13.8,15,80.00%,86.67%,0.701315375740303,0.701315375740303,1,4.64121672681544e-07
2,Cluster_11565,FUN_003719,ntLink_8:14665340-14714330;2 21;1260 1281,-16.64,20,75.00%,85.00%,0.701315375740303,0.701315375740303,1,4.64121672681544e-07
3,Cluster_11565,FUN_004024,ntLink_8:18272070-18371170;2 17;97333 97354,-14.71,15,66.67%,80.00%,0.772727207867809,0.772727207867809,1,5.16069953286676e-09
4,Cluster_11565,FUN_005154,ntLink_8:31874157-31875078;2 21;501 523,-17.18,20,65.00%,80.00%,0.707317580899103,0.707317580899103,1,3.34824529230394e-07
5,Cluster_11565,FUN_006930,ptg000001l:18432732-18469418;2 21;31026 31045,-15.01,19,63.16%,78.95%,0.723648113745667,0.723648113745667,1,1.32001878495084e-07
6,Cluster_11565,FUN_006930,ptg000001l:18432732-18469418;2 21;13177 13198,-19.63,19,63.16%,78.95%,0.723648113745667,0.723648113745667,1,1.32001878495084e-07
7,Cluster_11565,FUN_012341,ptg000008l:8082960-8089017;2 18;2052 2072,-12.94,16,75.00%,87.50%,0.768713944573866,0.768713944573866,1,6.92675137693056e-09
8,Cluster_11565,FUN_015354,ptg000009l:9136191-9157636;2 20;11735 11759,-14.39,21,66.67%,71.43%,0.716548210804176,0.716548210804176,1,1.99410345996458e-07
9,Cluster_11565,FUN_015354,ptg000009l:9136191-9157636;2 19;361 382,-13.75,17,70.59%,82.35%,0.716548210804176,0.716548210804176,1,1.99410345996458e-07
10,Cluster_11565,FUN_023055,ptg000017l:3082288-3089119;2 9;2361 2382,-13.87,7,100.00%,100.00%,0.756798244495879,0.756798244495879,1,1.60518361808542e-08
11,Cluster_11565,FUN_022874,ptg000017l:959252-969178;2 21;8725 8746,-14.21,19,63.16%,73.68%,0.730455416137724,0.730455416137724,1,8.78178497023733e-08
12,Cluster_11565,FUN_027811,ptg000021l:11101137-11101665;2 20;27 49,-17.15,19,63.16%,78.95%,0.715565318602805,0.715565318602805,1,2.10925320047678e-07
13,Cluster_11565,FUN_032889,ptg000023l:37272962-37283976;2 21;10461 10482,-14.05,19,57.89%,78.95%,0.790417945434207,0.790417945434207,1,1.30885646289511e-09
14,Cluster_11565,FUN_029878,ptg000023l:7179758-7192972;2 21;3213 3233,-15.32,19,68.42%,73.68%,0.810153710762828,0.810153710762828,1,2.40624039029994e-10
15,Cluster_11565,FUN_029878,ptg000023l:7179758-7192972;2 21;3750 3770,-12.09,19,73.68%,78.95%,0.810153710762828,0.810153710762828,1,2.40624039029994e-10
16,Cluster_11565,FUN_029878,ptg000023l:7179758-7192972;2 20;6999 7020,-18.72,18,66.67%,83.33%,0.810153710762828,0.810153710762828,1,2.40624039029994e-10
17,Cluster_11565,FUN_029950,ptg000023l:7945543-7946629;2 18;868 891,-15.93,18,72.22%,77.78%,0.749222258711604,0.749222258711604,1,2.6730191414276e-08
18,Cluster_11565,FUN_030073,ptg000023l:9126565-9132875;2 21;2985 3008,-17.35,22,68.18%,77.27%,0.84795122236018,0.84795122236018,1,5.02882693838189e-12
19,Cluster_11565,FUN_036214,ptg000025l:16655558-16658826;2 19;366 389,-13.49,19,73.68%,78.95%,0.752334992690844,0.752334992690844,1,2.17248345211208e-08
20,Cluster_11565,FUN_037680,ptg000026l:12275004-12297506;2 16;7447 7469,-14.77,15,80.00%,80.00%,0.751784978498605,0.751784978498605,1,2.25404570080579e-08
21,Cluster_11565,FUN_037680,ptg000026l:12275004-12297506;2 18;18644 18663,-15.59,16,81.25%,87.50%,0.751784978498605,0.751784978498605,1,2.25404570080579e-08
22,Cluster_11565,FUN_038783,ptg000027l:11391264-11392308;2 17;456 476,-18.21,15,80.00%,80.00%,0.822430246130073,0.822430246130073,1,7.57556854149597e-11
23,Cluster_12081,FUN_000572,ntLink_6:4454590-4457916;2 17;1337 1357,-13.37,15,66.67%,73.33%,0.794977251992864,0.794977251992864,1,8.99657963982065e-10
24,Cluster_12081,FUN_004105,ntLink_8:19329972-19331930;2 18;832 852,-16.33,16,62.50%,81.25%,0.782076498446414,0.782076498446414,1,2.53902843026102e-09
25,Cluster_12081,FUN_005146,ntLink_8:31586546-31689603;2 14;29031 29050,-14.72,12,83.33%,83.33%,0.817842121289203,0.817842121289203,1,1.17862027060307e-10
26,Cluster_12081,FUN_005146,ntLink_8:31586546-31689603;2 17;31725 31743,-12.96,15,73.33%,80.00%,0.817842121289203,0.817842121289203,1,1.17862027060307e-10
27,Cluster_12081,FUN_005146,ntLink_8:31586546-31689603;2 18;97490 97508,-14.16,16,75.00%,81.25%,0.817842121289203,0.817842121289203,1,1.17862027060307e-10
28,Cluster_12081,FUN_009832,ptg000004l:12312159-12313396;2 17;1013 1036,-17.1,18,66.67%,72.22%,0.847752315124192,0.847752315124192,1,5.14589707698333e-12
29,Cluster_12081,FUN_010040,ptg000004l:13858601-13859887;2 20;530 549,-11.41,18,55.56%,83.33%,0.700387635612876,0.700387635612876,1,4.878023630619e-07
30,Cluster_12081,FUN_009214,ptg000004l:4062799-4066054;2 16;980 1002,-14.21,16,75.00%,75.00%,0.74452531427776,0.74452531427776,1,3.6344685501457e-08
31,Cluster_12081,FUN_009360,ptg000004l:5790257-5799326;2 19;39 58,-15.67,17,76.47%,82.35%,0.731451410359313,0.731451410359313,1,8.26499254673968e-08
32,Cluster_12081,FUN_009600,ptg000004l:9150653-9169304;2 20;14032 14052,-20.17,18,66.67%,72.22%,0.702674237249309,0.702674237249309,1,4.31349646330218e-07
33,Cluster_12081,FUN_015199,ptg000009l:7413390-7414671;2 13;567 588,-22.35,12,83.33%,91.67%,0.703578486095894,0.703578486095894,1,4.10741922168914e-07
34,Cluster_12081,FUN_016908,ptg000011l:8709587-8726975;2 19;588 608,-16.66,17,58.82%,82.35%,0.870380385809573,0.870380385809573,1,2.97497693849395e-13
35,Cluster_12081,FUN_016943,ptg000011l:9239516-9264162;2 19;17004 17025,-13.82,18,61.11%,72.22%,0.87371121873146,0.87371121873146,1,1.86981459387071e-13
36,Cluster_12081,FUN_016943,ptg000011l:9239516-9264162;2 20;22830 22852,-19.8,20,75.00%,80.00%,0.87371121873146,0.87371121873146,1,1.86981459387071e-13
37,Cluster_12081,FUN_018891,ptg000012l:14879388-14882692;2 15;185 203,-11.47,13,84.62%,84.62%,0.714505173908211,0.714505173908211,1,2.24033652931987e-07
38,Cluster_12081,FUN_019259,ptg000015l:164073-176650;2 19;4162 4185,-17.79,20,70.00%,75.00%,0.716845103669037,0.716845103669037,1,1.96048378134357e-07
39,Cluster_12081,FUN_026047,ptg000020l:4084327-4089672;2 10;820 840,-14.91,8,100.00%,100.00%,0.740957681180463,0.740957681180463,1,4.56978546432712e-08
40,Cluster_12081,FUN_026047,ptg000020l:4084327-4089672;2 19;2181 2201,-22.57,17,70.59%,88.24%,0.740957681180463,0.740957681180463,1,4.56978546432712e-08
41,Cluster_12081,FUN_026284,ptg000020l:7248728-7272228;2 9;4807 4827,-14.43,7,100.00%,100.00%,0.824127945048077,0.824127945048077,1,6.41201628419469e-11
42,Cluster_12081,FUN_026462,ptg000020l:9153100-9154422;2 13;710 730,-15.01,11,81.82%,90.91%,0.725158243343259,0.725158243343259,1,1.20715937462806e-07
43,Cluster_12081,FUN_027750,ptg000021l:10056995-10058048;2 20;927 947,-17.95,18,72.22%,77.78%,0.840190502724195,0.840190502724195,1,1.20569869468412e-11
44,Cluster_12081,FUN_027753,ptg000021l:10174291-10175344;2 20;927 947,-17.95,18,72.22%,77.78%,0.730526667002917,0.730526667002917,1,8.74384198490123e-08
45,Cluster_12081,FUN_028413,ptg000021l:19568245-19580261;2 20;7857 7876,-15.74,18,66.67%,72.22%,0.755193587222337,0.755193587222337,1,1.79100754729924e-08
46,Cluster_12081,FUN_028413,ptg000021l:19568245-19580261;2 20;4726 4746,-14.39,18,66.67%,77.78%,0.755193587222337,0.755193587222337,1,1.79100754729924e-08
47,Cluster_12081,FUN_028416,ptg000021l:19606689-19655812;2 17;7255 7274,-12.41,15,73.33%,80.00%,0.81147473236113,0.81147473236113,1,2.13345508641086e-10
48,Cluster_12081,FUN_028416,ptg000021l:19606689-19655812;2 17;33678 33695,-10.79,15,80.00%,80.00%,0.81147473236113,0.81147473236113,1,2.13345508641086e-10
49,Cluster_12081,FUN_028435,ptg000021l:19826994-19879816;2 15;51584 51603,-14.71,13,76.92%,84.62%,0.860011677542976,0.860011677542976,1,1.16810863541252e-12
50,Cluster_12081,FUN_028435,ptg000021l:19826994-19879816;2 13;41599 41619,-13.73,11,81.82%,90.91%,0.860011677542976,0.860011677542976,1,1.16810863541252e-12
51,Cluster_12081,FUN_028435,ptg000021l:19826994-19879816;2 15;20465 20488,-16.79,16,75.00%,81.25%,0.860011677542976,0.860011677542976,1,1.16810863541252e-12
52,Cluster_12081,FUN_028435,ptg000021l:19826994-19879816;2 15;7180 7200,-14.9,13,76.92%,84.62%,0.860011677542976,0.860011677542976,1,1.16810863541252e-12
53,Cluster_12081,FUN_028665,ptg000022l:2372952-2376055;2 16;1840 1861,-12.84,15,80.00%,80.00%,0.789825986705821,0.789825986705821,1,1.37321306344513e-09
54,Cluster_12081,FUN_034037,ptg000024l:4023391-4033523;2 17;3401 3420,-12.41,15,73.33%,80.00%,0.821402077470335,0.821402077470335,1,8.37345224171501e-11
55,Cluster_12081,FUN_034086,ptg000024l:4700186-4702859;2 19;605 623,-19.38,17,70.59%,82.35%,0.768718306583837,0.768718306583837,1,6.92455794353544e-09
56,Cluster_12081,FUN_039566,ptg000030l:1349902-1350611;2 18;507 527,-15.28,16,62.50%,87.50%,0.735331467590751,0.735331467590751,1,6.50907344641394e-08
57,Cluster_12081,FUN_039919,ptg000031l:1655725-1687081;2 14;4264 4284,-21.19,12,91.67%,91.67%,0.763364084606423,0.763364084606423,1,1.01629523020013e-08
58,Cluster_12081,FUN_042063,ptg000036l:109369-120540;2 9;2266 2286,-13.93,7,100.00%,100.00%,0.855798905019996,0.855798905019996,1,1.97435213417652e-12
59,Cluster_12081,FUN_042063,ptg000036l:109369-120540;2 19;3887 3910,-20.27,20,70.00%,85.00%,0.855798905019996,0.855798905019996,1,1.97435213417652e-12
60,Cluster_12083,FUN_000572,ntLink_6:4454590-4457916;2 17;1337 1357,-13.37,15,66.67%,73.33%,0.776524479318386,0.776524479318386,1,3.88479926080361e-09
61,Cluster_12083,FUN_005146,ntLink_8:31586546-31689603;2 14;29031 29050,-14.72,12,83.33%,83.33%,0.832174197735709,0.832174197735709,1,2.83766442486842e-11
62,Cluster_12083,FUN_005146,ntLink_8:31586546-31689603;2 17;31725 31743,-12.96,15,73.33%,80.00%,0.832174197735709,0.832174197735709,1,2.83766442486842e-11
63,Cluster_12083,FUN_005146,ntLink_8:31586546-31689603;2 18;97490 97508,-14.16,16,75.00%,81.25%,0.832174197735709,0.832174197735709,1,2.83766442486842e-11
64,Cluster_12083,FUN_009832,ptg000004l:12312159-12313396;2 17;1013 1036,-17.1,18,66.67%,72.22%,0.823700314184976,0.823700314184976,1,6.68819515266462e-11
65,Cluster_12083,FUN_009214,ptg000004l:4062799-4066054;2 16;980 1002,-14.21,16,75.00%,75.00%,0.749566327759225,0.749566327759225,1,2.61284027615508e-08
66,Cluster_12083,FUN_009600,ptg000004l:9150653-9169304;2 20;14032 14052,-20.17,18,66.67%,72.22%,0.757229836376484,0.757229836376484,1,1.55835877300381e-08
67,Cluster_12083,FUN_016908,ptg000011l:8709587-8726975;2 19;588 608,-16.66,17,58.82%,82.35%,0.848154623374068,0.848154623374068,1,4.91169968951151e-12
68,Cluster_12083,FUN_016943,ptg000011l:9239516-9264162;2 19;17004 17025,-13.82,18,61.11%,72.22%,0.803039356837001,0.803039356837001,1,4.52863274434542e-10
69,Cluster_12083,FUN_016943,ptg000011l:9239516-9264162;2 20;22830 22852,-19.8,20,75.00%,80.00%,0.803039356837001,0.803039356837001,1,4.52863274434542e-10
70,Cluster_12083,FUN_026047,ptg000020l:4084327-4089672;2 10;820 840,-14.91,8,100.00%,100.00%,0.741293704924359,0.741293704924359,1,4.47298111369979e-08
71,Cluster_12083,FUN_026047,ptg000020l:4084327-4089672;2 19;2181 2201,-22.57,17,70.59%,88.24%,0.741293704924359,0.741293704924359,1,4.47298111369979e-08
72,Cluster_12083,FUN_026284,ptg000020l:7248728-7272228;2 9;4807 4827,-14.43,7,100.00%,100.00%,0.803662877453018,0.803662877453018,1,4.28888128305232e-10
73,Cluster_12083,FUN_027750,ptg000021l:10056995-10058048;2 20;927 947,-17.95,18,72.22%,77.78%,0.772543275680277,0.772543275680277,1,5.23146167005173e-09
74,Cluster_12083,FUN_028413,ptg000021l:19568245-19580261;2 20;7857 7876,-15.74,18,66.67%,72.22%,0.70233943266954,0.70233943266954,1,4.39219314577397e-07
75,Cluster_12083,FUN_028413,ptg000021l:19568245-19580261;2 20;4726 4746,-14.39,18,66.67%,77.78%,0.70233943266954,0.70233943266954,1,4.39219314577397e-07
76,Cluster_12083,FUN_028416,ptg000021l:19606689-19655812;2 17;7255 7274,-12.41,15,73.33%,80.00%,0.819990329613293,0.819990329613293,1,9.59776556527206e-11
77,Cluster_12083,FUN_028416,ptg000021l:19606689-19655812;2 17;33678 33695,-10.79,15,80.00%,80.00%,0.819990329613293,0.819990329613293,1,9.59776556527206e-11
78,Cluster_12083,FUN_028435,ptg000021l:19826994-19879816;2 15;51584 51603,-14.71,13,76.92%,84.62%,0.761204077959672,0.761204077959672,1,1.18308914885168e-08
79,Cluster_12083,FUN_028435,ptg000021l:19826994-19879816;2 13;41599 41619,-13.73,11,81.82%,90.91%,0.761204077959672,0.761204077959672,1,1.18308914885168e-08
80,Cluster_12083,FUN_028435,ptg000021l:19826994-19879816;2 15;20465 20488,-16.79,16,75.00%,81.25%,0.761204077959672,0.761204077959672,1,1.18308914885168e-08
81,Cluster_12083,FUN_028435,ptg000021l:19826994-19879816;2 15;7180 7200,-14.9,13,76.92%,84.62%,0.761204077959672,0.761204077959672,1,1.18308914885168e-08
82,Cluster_12083,FUN_034037,ptg000024l:4023391-4033523;2 17;3401 3420,-12.41,15,73.33%,80.00%,0.806817047034548,0.806817047034548,1,3.24746871804373e-10
83,Cluster_12083,FUN_039566,ptg000030l:1349902-1350611;2 18;507 527,-15.28,16,62.50%,87.50%,0.711886707800431,0.711886707800431,1,2.59711175130966e-07
84,Cluster_12083,FUN_039919,ptg000031l:1655725-1687081;2 14;4264 4284,-21.19,12,91.67%,91.67%,0.757613196748873,0.757613196748873,1,1.51783590798074e-08
85,Cluster_12083,FUN_042063,ptg000036l:109369-120540;2 9;2266 2286,-13.93,7,100.00%,100.00%,0.741453607707907,0.741453607707907,1,4.42758719732635e-08
86,Cluster_12083,FUN_042063,ptg000036l:109369-120540;2 19;3887 3910,-20.27,20,70.00%,85.00%,0.741453607707907,0.741453607707907,1,4.42758719732635e-08
87,Cluster_12087,FUN_005146,ntLink_8:31586546-31689603;2 14;29031 29050,-14.72,12,83.33%,83.33%,0.791641774693803,0.791641774693803,1,1.18463161704706e-09
88,Cluster_12087,FUN_005146,ntLink_8:31586546-31689603;2 17;31725 31743,-12.96,15,73.33%,80.00%,0.791641774693803,0.791641774693803,1,1.18463161704706e-09
89,Cluster_12087,FUN_005146,ntLink_8:31586546-31689603;2 18;97490 97508,-14.16,16,75.00%,81.25%,0.791641774693803,0.791641774693803,1,1.18463161704706e-09
90,Cluster_12087,FUN_009832,ptg000004l:12312159-12313396;2 17;1013 1036,-17.1,18,66.67%,72.22%,0.847876189972492,0.847876189972492,1,5.07269178546997e-12
91,Cluster_12087,FUN_010040,ptg000004l:13858601-13859887;2 20;530 549,-11.41,18,55.56%,83.33%,0.719055528935528,0.719055528935528,1,1.7262045944001e-07
92,Cluster_12087,FUN_009214,ptg000004l:4062799-4066054;2 16;980 1002,-14.21,16,75.00%,75.00%,0.740940090453237,0.740940090453237,1,4.57490635531143e-08
93,Cluster_12087,FUN_009600,ptg000004l:9150653-9169304;2 20;14032 14052,-20.17,18,66.67%,72.22%,0.756766275599102,0.756766275599102,1,1.60870359692849e-08
94,Cluster_12087,FUN_016908,ptg000011l:8709587-8726975;2 19;588 608,-16.66,17,58.82%,82.35%,0.806385220175156,0.806385220175156,1,3.37452552892655e-10
95,Cluster_12087,FUN_016943,ptg000011l:9239516-9264162;2 19;17004 17025,-13.82,18,61.11%,72.22%,0.745607673847647,0.745607673847647,1,3.38802481343031e-08
96,Cluster_12087,FUN_016943,ptg000011l:9239516-9264162;2 20;22830 22852,-19.8,20,75.00%,80.00%,0.745607673847647,0.745607673847647,1,3.38802481343031e-08
97,Cluster_12087,FUN_026047,ptg000020l:4084327-4089672;2 10;820 840,-14.91,8,100.00%,100.00%,0.723180945655991,0.723180945655991,1,1.35686585911187e-07
98,Cluster_12087,FUN_026047,ptg000020l:4084327-4089672;2 19;2181 2201,-22.57,17,70.59%,88.24%,0.723180945655991,0.723180945655991,1,1.35686585911187e-07
99,Cluster_12087,FUN_026284,ptg000020l:7248728-7272228;2 9;4807 4827,-14.43,7,100.00%,100.00%,0.78829166333593,0.78829166333593,1,1.55404011638859e-09
100,Cluster_12087,FUN_027750,ptg000021l:10056995-10058048;2 20;927 947,-17.95,18,72.22%,77.78%,0.730584493000756,0.730584493000756,1,8.7131599802283e-08
101,Cluster_12087,FUN_028343,ptg000021l:18554645-18556837;2 18;526 549,-16.2,19,68.42%,78.95%,0.71021311164845,0.71021311164845,1,2.85196460010219e-07
102,Cluster_12087,FUN_028416,ptg000021l:19606689-19655812;2 17;7255 7274,-12.41,15,73.33%,80.00%,0.802900307646018,0.802900307646018,1,4.58378039004606e-10
103,Cluster_12087,FUN_028416,ptg000021l:19606689-19655812;2 17;33678 33695,-10.79,15,80.00%,80.00%,0.802900307646018,0.802900307646018,1,4.58378039004606e-10
104,Cluster_12087,FUN_028435,ptg000021l:19826994-19879816;2 15;51584 51603,-14.71,13,76.92%,84.62%,0.709693181646881,0.709693181646881,1,2.9357318818075e-07
105,Cluster_12087,FUN_028435,ptg000021l:19826994-19879816;2 13;41599 41619,-13.73,11,81.82%,90.91%,0.709693181646881,0.709693181646881,1,2.9357318818075e-07
106,Cluster_12087,FUN_028435,ptg000021l:19826994-19879816;2 15;20465 20488,-16.79,16,75.00%,81.25%,0.709693181646881,0.709693181646881,1,2.9357318818075e-07
107,Cluster_12087,FUN_028435,ptg000021l:19826994-19879816;2 15;7180 7200,-14.9,13,76.92%,84.62%,0.709693181646881,0.709693181646881,1,2.9357318818075e-07
108,Cluster_12087,FUN_034037,ptg000024l:4023391-4033523;2 17;3401 3420,-12.41,15,73.33%,80.00%,0.785350416503761,0.785350416503761,1,1.96440099083266e-09
109,Cluster_12087,FUN_039919,ptg000031l:1655725-1687081;2 14;4264 4284,-21.19,12,91.67%,91.67%,0.767211437270574,0.767211437270574,1,7.72203071182065e-09
110,Cluster_14146,FUN_012750,ptg000008l:12147293-12149568;2 21;1851 1872,-15.18,19,73.68%,78.95%,0.702855623743337,0.702855623743337,1,4.27140764615531e-07
111,Cluster_14146,FUN_018795,ptg000012l:13667014-13669291;2 21;1853 1874,-15.18,19,73.68%,78.95%,0.712745461772531,0.712745461772531,1,2.47468728228189e-07
112,Cluster_14165,FUN_001181,ntLink_6:9465536-9483118;2 20;10275 10295,-16.65,18,66.67%,66.67%,0.71322713352168,0.71322713352168,1,2.40838110014857e-07
113,Cluster_14165,FUN_001181,ntLink_6:9465536-9483118;2 18;15305 15328,-15.41,19,73.68%,78.95%,0.71322713352168,0.71322713352168,1,2.40838110014857e-07
114,Cluster_14165,FUN_004568,ntLink_8:24404768-24414859;2 18;2810 2828,-13.93,16,68.75%,81.25%,0.743265580395592,0.743265580395592,1,3.94224002066423e-08
115,Cluster_14165,FUN_004568,ntLink_8:24404768-24414859;2 20;757 775,-21.93,18,66.67%,77.78%,0.743265580395592,0.743265580395592,1,3.94224002066423e-08
116,Cluster_14165,FUN_006329,ptg000001l:10944284-10957657;2 9;2178 2198,-11.71,7,100.00%,100.00%,0.713288906406052,0.713288906406052,1,2.39999758792198e-07
117,Cluster_14165,FUN_006329,ptg000001l:10944284-10957657;2 20;5988 6008,-14,18,61.11%,66.67%,0.713288906406052,0.713288906406052,1,2.39999758792198e-07
118,Cluster_14165,FUN_009308,ptg000004l:5154366-5165297;2 18;3545 3566,-14.53,18,72.22%,72.22%,0.731211658583649,0.731211658583649,1,8.38674695773323e-08
119,Cluster_14165,FUN_034780,ptg000025l:126106-140014;2 17;8135 8155,-12.27,16,75.00%,75.00%,0.714030135617342,0.714030135617342,1,2.30148682961695e-07
120,Cluster_14165,FUN_041277,ptg000035l:1244593-1245901;2 9;800 820,-10.41,7,100.00%,100.00%,0.718342270723252,0.718342270723252,1,1.7988031729713e-07
121,Cluster_14532,FUN_004156,ntLink_8:19903294-19905267;2 21;732 758,-14.61,23,69.57%,78.26%,0.704345552273934,0.704345552273934,1,3.93978424902556e-07
122,Cluster_14532,FUN_039363,ptg000029c:551963-630229;2 22;19215 19240,-12.35,23,60.87%,69.57%,0.741280403620279,0.741280403620279,1,4.47677655954947e-08
123,Cluster_14532,FUN_039363,ptg000029c:551963-630229;2 18;10929 10953,-13.4,18,66.67%,72.22%,0.741280403620279,0.741280403620279,1,4.47677655954947e-08
124,Cluster_14532,FUN_039363,ptg000029c:551963-630229;2 18;71634 71658,-13.4,18,66.67%,72.22%,0.741280403620279,0.741280403620279,1,4.47677655954947e-08
125,Cluster_14532,FUN_039363,ptg000029c:551963-630229;2 20;37751 37777,-12.59,22,68.18%,68.18%,0.741280403620279,0.741280403620279,1,4.47677655954947e-08
126,Cluster_14532,FUN_039363,ptg000029c:551963-630229;2 22;48135 48155,-10.67,20,70.00%,75.00%,0.741280403620279,0.741280403620279,1,4.47677655954947e-08
127,Cluster_14532,FUN_039363,ptg000029c:551963-630229;2 20;49198 49219,-12.97,18,61.11%,83.33%,0.741280403620279,0.741280403620279,1,4.47677655954947e-08
128,Cluster_14532,FUN_039363,ptg000029c:551963-630229;2 21;4139 4164,-10.8,22,63.64%,77.27%,0.741280403620279,0.741280403620279,1,4.47677655954947e-08
129,Cluster_14532,FUN_039363,ptg000029c:551963-630229;2 11;62041 62063,-10.87,9,100.00%,100.00%,0.741280403620279,0.741280403620279,1,4.47677655954947e-08
130,Cluster_14532,FUN_039363,ptg000029c:551963-630229;2 17;523 547,-15.88,17,70.59%,82.35%,0.741280403620279,0.741280403620279,1,4.47677655954947e-08
131,Cluster_14532,FUN_039363,ptg000029c:551963-630229;2 19;68480 68501,-10.59,17,70.59%,82.35%,0.741280403620279,0.741280403620279,1,4.47677655954947e-08
132,Cluster_14532,FUN_039363,ptg000029c:551963-630229;2 18;65487 65510,-11.56,17,70.59%,82.35%,0.741280403620279,0.741280403620279,1,4.47677655954947e-08
133,Cluster_14532,FUN_039363,ptg000029c:551963-630229;2 22;49085 49104,-13.29,20,65.00%,80.00%,0.741280403620279,0.741280403620279,1,4.47677655954947e-08
134,Cluster_14532,FUN_039363,ptg000029c:551963-630229;2 21;24386 24407,-11.19,19,68.42%,78.95%,0.741280403620279,0.741280403620279,1,4.47677655954947e-08
135,Cluster_14532,FUN_039363,ptg000029c:551963-630229;2 20;26282 26306,-12.17,20,65.00%,80.00%,0.741280403620279,0.741280403620279,1,4.47677655954947e-08
136,Cluster_14532,FUN_039363,ptg000029c:551963-630229;2 17;76789 76812,-15.08,16,81.25%,81.25%,0.741280403620279,0.741280403620279,1,4.47677655954947e-08
137,Cluster_14532,FUN_039363,ptg000029c:551963-630229;2 20;17428 17450,-13.78,19,78.95%,78.95%,0.741280403620279,0.741280403620279,1,4.47677655954947e-08
138,Cluster_14532,FUN_039363,ptg000029c:551963-630229;2 22;1714 1736,-10.61,20,60.00%,80.00%,0.741280403620279,0.741280403620279,1,4.47677655954947e-08
139,Cluster_14532,FUN_039363,ptg000029c:551963-630229;2 22;61125 61147,-10.61,20,60.00%,80.00%,0.741280403620279,0.741280403620279,1,4.47677655954947e-08
140,Cluster_14532,FUN_039363,ptg000029c:551963-630229;2 20;5205 5228,-12.81,19,73.68%,78.95%,0.741280403620279,0.741280403620279,1,4.47677655954947e-08
141,Cluster_14532,FUN_039363,ptg000029c:551963-630229;2 22;14958 14982,-15.58,22,68.18%,81.82%,0.741280403620279,0.741280403620279,1,4.47677655954947e-08
142,Cluster_14532,FUN_039363,ptg000029c:551963-630229;2 18;49208 49230,-12.27,16,68.75%,93.75%,0.741280403620279,0.741280403620279,1,4.47677655954947e-08
143,Cluster_14532,FUN_039363,ptg000029c:551963-630229;2 18;6166 6188,-13.43,16,75.00%,87.50%,0.741280403620279,0.741280403620279,1,4.47677655954947e-08
144,Cluster_14532,FUN_039363,ptg000029c:551963-630229;2 22;50299 50321,-12.18,20,65.00%,85.00%,0.741280403620279,0.741280403620279,1,4.47677655954947e-08
145,Cluster_14532,FUN_039363,ptg000029c:551963-630229;2 22;53492 53514,-17.54,20,65.00%,85.00%,0.741280403620279,0.741280403620279,1,4.47677655954947e-08
146,Cluster_14532,FUN_039363,ptg000029c:551963-630229;2 22;36374 36398,-19.41,23,78.26%,82.61%,0.741280403620279,0.741280403620279,1,4.47677655954947e-08
147,Cluster_14532,FUN_039363,ptg000029c:551963-630229;2 20;73592 73615,-16.81,19,78.95%,84.21%,0.741280403620279,0.741280403620279,1,4.47677655954947e-08
148,Cluster_14532,FUN_040050,ptg000031l:3525702-3579012;2 16;51172 51192,-10.79,14,78.57%,78.57%,0.719042130292939,0.719042130292939,1,1.7275429726029e-07
149,Cluster_14532,FUN_040050,ptg000031l:3525702-3579012;2 15;44457 44481,-10.96,15,80.00%,80.00%,0.719042130292939,0.719042130292939,1,1.7275429726029e-07
150,Cluster_14532,FUN_040050,ptg000031l:3525702-3579012;2 22;49582 49603,-10.73,20,65.00%,70.00%,0.719042130292939,0.719042130292939,1,1.7275429726029e-07
151,Cluster_14532,FUN_040050,ptg000031l:3525702-3579012;2 22;10893 10915,-10.97,21,71.43%,71.43%,0.719042130292939,0.719042130292939,1,1.7275429726029e-07
152,Cluster_14532,FUN_040050,ptg000031l:3525702-3579012;2 22;5637 5661,-11.76,22,68.18%,72.73%,0.719042130292939,0.719042130292939,1,1.7275429726029e-07
153,Cluster_14532,FUN_040050,ptg000031l:3525702-3579012;2 22;3493 3517,-17.68,22,68.18%,77.27%,0.719042130292939,0.719042130292939,1,1.7275429726029e-07
154,Cluster_14532,FUN_040050,ptg000031l:3525702-3579012;2 20;47635 47659,-18.53,20,75.00%,80.00%,0.719042130292939,0.719042130292939,1,1.7275429726029e-07
155,Cluster_14532,FUN_040050,ptg000031l:3525702-3579012;2 22;45814 45838,-12.72,22,68.18%,81.82%,0.719042130292939,0.719042130292939,1,1.7275429726029e-07
156,Cluster_14532,FUN_040050,ptg000031l:3525702-3579012;2 22;15285 15305,-12.65,20,70.00%,85.00%,0.719042130292939,0.719042130292939,1,1.7275429726029e-07
157,Cluster_14532,FUN_040050,ptg000031l:3525702-3579012;2 22;552 573,-12.56,20,75.00%,85.00%,0.719042130292939,0.719042130292939,1,1.7275429726029e-07
158,Cluster_14532,FUN_040050,ptg000031l:3525702-3579012;2 22;8693 8716,-13.38,21,76.19%,80.95%,0.719042130292939,0.719042130292939,1,1.7275429726029e-07
159,Cluster_14610,FUN_031246,ptg000023l:18526916-18530645;2 13;3117 3139,-11.15,11,81.82%,90.91%,0.70215076846113,0.70215076846113,1,4.43712187549619e-07
160,Cluster_14633,FUN_000268,ntLink_6:920327-925610;2 20;3512 3532,-10.26,18,72.22%,72.22%,0.718916072965427,0.718916072965427,1,1.74018188505911e-07
161,Cluster_14633,FUN_000269,ntLink_6:928813-938995;2 10;7393 7414,-10.93,8,100.00%,100.00%,0.705176715591849,0.705176715591849,1,3.76529944155679e-07
162,Cluster_14633,FUN_004024,ntLink_8:18272070-18371170;2 16;83118 83141,-10.25,16,81.25%,87.50%,0.707169522077747,0.707169522077747,1,3.37565127241505e-07
163,Cluster_14633,FUN_004024,ntLink_8:18272070-18371170;2 17;12406 12426,-11.83,15,80.00%,86.67%,0.707169522077747,0.707169522077747,1,3.37565127241505e-07
164,Cluster_14633,FUN_004024,ntLink_8:18272070-18371170;2 17;14949 14969,-11.83,15,80.00%,86.67%,0.707169522077747,0.707169522077747,1,3.37565127241505e-07
165,Cluster_14633,FUN_004024,ntLink_8:18272070-18371170;2 17;2258 2278,-11.83,15,80.00%,86.67%,0.707169522077747,0.707169522077747,1,3.37565127241505e-07
166,Cluster_14633,FUN_004024,ntLink_8:18272070-18371170;2 17;4793 4813,-11.83,15,80.00%,86.67%,0.707169522077747,0.707169522077747,1,3.37565127241505e-07
167,Cluster_14633,FUN_004024,ntLink_8:18272070-18371170;2 17;50500 50520,-11.83,15,80.00%,86.67%,0.707169522077747,0.707169522077747,1,3.37565127241505e-07
168,Cluster_14633,FUN_004024,ntLink_8:18272070-18371170;2 17;53043 53063,-11.83,15,80.00%,86.67%,0.707169522077747,0.707169522077747,1,3.37565127241505e-07
169,Cluster_14633,FUN_004024,ntLink_8:18272070-18371170;2 17;55376 55396,-11.83,15,80.00%,86.67%,0.707169522077747,0.707169522077747,1,3.37565127241505e-07
170,Cluster_14633,FUN_004024,ntLink_8:18272070-18371170;2 17;7328 7348,-11.83,15,80.00%,86.67%,0.707169522077747,0.707169522077747,1,3.37565127241505e-07
171,Cluster_14633,FUN_004024,ntLink_8:18272070-18371170;2 17;92658 92678,-11.83,15,80.00%,86.67%,0.707169522077747,0.707169522077747,1,3.37565127241505e-07
172,Cluster_14633,FUN_004024,ntLink_8:18272070-18371170;2 17;9871 9891,-11.83,15,80.00%,86.67%,0.707169522077747,0.707169522077747,1,3.37565127241505e-07
173,Cluster_14633,FUN_004024,ntLink_8:18272070-18371170;2 20;82443 82464,-12.27,18,61.11%,83.33%,0.707169522077747,0.707169522077747,1,3.37565127241505e-07
174,Cluster_14633,FUN_004024,ntLink_8:18272070-18371170;2 17;78235 78255,-10.05,15,80.00%,93.33%,0.707169522077747,0.707169522077747,1,3.37565127241505e-07
175,Cluster_14633,FUN_004024,ntLink_8:18272070-18371170;2 21;40842 40865,-12.28,21,71.43%,80.95%,0.707169522077747,0.707169522077747,1,3.37565127241505e-07
176,Cluster_14633,FUN_004024,ntLink_8:18272070-18371170;2 21;31775 31795,-10.97,19,78.95%,78.95%,0.707169522077747,0.707169522077747,1,3.37565127241505e-07
177,Cluster_14633,FUN_004024,ntLink_8:18272070-18371170;2 21;74432 74452,-10.97,19,78.95%,78.95%,0.707169522077747,0.707169522077747,1,3.37565127241505e-07
178,Cluster_14633,FUN_004024,ntLink_8:18272070-18371170;2 21;32004 32028,-15.32,22,68.18%,81.82%,0.707169522077747,0.707169522077747,1,3.37565127241505e-07
179,Cluster_14633,FUN_004026,ntLink_8:18395981-18416160;2 11;2768 2789,-11.24,9,100.00%,100.00%,0.77876051654392,0.77876051654392,1,3.27805442873882e-09
180,Cluster_14633,FUN_004026,ntLink_8:18395981-18416160;2 20;12880 12900,-12.34,18,77.78%,83.33%,0.77876051654392,0.77876051654392,1,3.27805442873882e-09
181,Cluster_14633,FUN_004026,ntLink_8:18395981-18416160;2 21;18801 18822,-11.58,19,73.68%,84.21%,0.77876051654392,0.77876051654392,1,3.27805442873882e-09
182,Cluster_14633,FUN_004244,ntLink_8:21028462-21034735;2 19;5079 5100,-10.98,17,82.35%,82.35%,0.754913037317154,0.754913037317154,1,1.82548254878571e-08
183,Cluster_14633,FUN_004824,ntLink_8:27438956-27452098;2 21;9005 9022,-10.73,19,68.42%,78.95%,0.725031158572597,0.725031158572597,1,1.21630047035087e-07
184,Cluster_14633,FUN_004824,ntLink_8:27438956-27452098;2 21;9152 9174,-14.6,20,80.00%,85.00%,0.725031158572597,0.725031158572597,1,1.21630047035087e-07
185,Cluster_14633,FUN_008636,ptg000002l:13872618-13878527;2 21;224 245,-11.38,19,73.68%,84.21%,0.742483689396788,0.742483689396788,1,4.14526842264037e-08
186,Cluster_14633,FUN_008102,ptg000002l:8041819-8045972;2 20;2061 2080,-10.88,18,77.78%,77.78%,0.758846762059477,0.758846762059477,1,1.39399950171148e-08
187,Cluster_14633,FUN_008102,ptg000002l:8041819-8045972;2 20;2517 2538,-14.1,18,77.78%,88.89%,0.758846762059477,0.758846762059477,1,1.39399950171148e-08
188,Cluster_14633,FUN_013137,ptg000008l:19960352-19973748;2 16;10122 10144,-10.91,15,86.67%,93.33%,0.747724271003896,0.747724271003896,1,2.95035150613389e-08
189,Cluster_14633,FUN_013137,ptg000008l:19960352-19973748;2 20;4295 4315,-18.74,18,83.33%,88.89%,0.747724271003896,0.747724271003896,1,2.95035150613389e-08
190,Cluster_14633,FUN_014717,ptg000009l:2448114-2451728;2 20;1987 2006,-10.31,18,66.67%,72.22%,0.750181787618457,0.750181787618457,1,2.50832534655142e-08
191,Cluster_14633,FUN_014717,ptg000009l:2448114-2451728;2 21;2044 2063,-10.95,19,78.95%,84.21%,0.750181787618457,0.750181787618457,1,2.50832534655142e-08
192,Cluster_14633,FUN_017237,ptg000011l:11135810-11136827;2 21;777 795,-13.67,19,73.68%,78.95%,0.740865956111586,0.740865956111586,1,4.59654646177383e-08
193,Cluster_14633,FUN_032998,ptg000023l:38685146-38694033;2 21;6945 6970,-10.28,23,69.57%,69.57%,0.72877170799518,0.72877170799518,1,9.72411367655741e-08
194,Cluster_14633,FUN_029878,ptg000023l:7179758-7192972;2 20;7365 7388,-10.43,20,70.00%,70.00%,0.70526094632509,0.70526094632509,1,3.74802184642567e-07
195,Cluster_14633,FUN_029878,ptg000023l:7179758-7192972;2 20;3764 3785,-12.44,18,77.78%,77.78%,0.70526094632509,0.70526094632509,1,3.74802184642567e-07
196,Cluster_14633,FUN_034793,ptg000025l:239049-242516;2 18;2641 2661,-10.44,16,68.75%,81.25%,0.708881654970932,0.708881654970932,1,3.07104106535287e-07
197,Cluster_14633,FUN_034988,ptg000025l:2456930-2550904;2 20;16673 16695,-10.15,19,63.16%,68.42%,0.723225841005801,0.723225841005801,1,1.35328383999289e-07
198,Cluster_14633,FUN_034988,ptg000025l:2456930-2550904;2 11;84645 84666,-11.53,9,100.00%,100.00%,0.723225841005801,0.723225841005801,1,1.35328383999289e-07
199,Cluster_14633,FUN_034988,ptg000025l:2456930-2550904;2 20;61810 61831,-10.11,18,66.67%,72.22%,0.723225841005801,0.723225841005801,1,1.35328383999289e-07
200,Cluster_14633,FUN_034988,ptg000025l:2456930-2550904;2 20;80757 80780,-12.42,21,71.43%,76.19%,0.723225841005801,0.723225841005801,1,1.35328383999289e-07
201,Cluster_14633,FUN_034988,ptg000025l:2456930-2550904;2 14;88544 88566,-13.06,13,84.62%,92.31%,0.723225841005801,0.723225841005801,1,1.35328383999289e-07
202,Cluster_14633,FUN_034988,ptg000025l:2456930-2550904;2 20;16423 16446,-10.61,20,65.00%,80.00%,0.723225841005801,0.723225841005801,1,1.35328383999289e-07
203,Cluster_14633,FUN_034988,ptg000025l:2456930-2550904;2 21;20197 20217,-11.99,19,68.42%,84.21%,0.723225841005801,0.723225841005801,1,1.35328383999289e-07
204,Cluster_14633,FUN_034988,ptg000025l:2456930-2550904;2 20;76369 76391,-12.08,19,68.42%,84.21%,0.723225841005801,0.723225841005801,1,1.35328383999289e-07
205,Cluster_14633,FUN_034988,ptg000025l:2456930-2550904;2 20;15038 15059,-11.69,18,72.22%,77.78%,0.723225841005801,0.723225841005801,1,1.35328383999289e-07
206,Cluster_14633,FUN_034988,ptg000025l:2456930-2550904;2 21;52351 52372,-12,19,63.16%,84.21%,0.723225841005801,0.723225841005801,1,1.35328383999289e-07
207,Cluster_14633,FUN_034988,ptg000025l:2456930-2550904;2 20;62030 62051,-11.12,18,72.22%,83.33%,0.723225841005801,0.723225841005801,1,1.35328383999289e-07
208,Cluster_14633,FUN_034988,ptg000025l:2456930-2550904;2 21;28605 28625,-10.69,20,80.00%,85.00%,0.723225841005801,0.723225841005801,1,1.35328383999289e-07
209,Cluster_14633,FUN_034988,ptg000025l:2456930-2550904;2 19;20440 20461,-10.17,17,76.47%,88.24%,0.723225841005801,0.723225841005801,1,1.35328383999289e-07
210,Cluster_14633,FUN_034988,ptg000025l:2456930-2550904;2 19;3414 3435,-10.17,17,76.47%,88.24%,0.723225841005801,0.723225841005801,1,1.35328383999289e-07
211,Cluster_14633,FUN_034988,ptg000025l:2456930-2550904;2 19;57782 57803,-10.17,17,76.47%,88.24%,0.723225841005801,0.723225841005801,1,1.35328383999289e-07
212,Cluster_14633,FUN_034988,ptg000025l:2456930-2550904;2 19;74432 74453,-10.17,17,76.47%,88.24%,0.723225841005801,0.723225841005801,1,1.35328383999289e-07
213,Cluster_14633,FUN_034988,ptg000025l:2456930-2550904;2 19;82312 82333,-10.17,17,76.47%,88.24%,0.723225841005801,0.723225841005801,1,1.35328383999289e-07
214,Cluster_14633,FUN_035547,ptg000025l:8912310-8913801;2 15;837 857,-10.03,13,84.62%,92.31%,0.739909805345617,0.739909805345617,1,4.8843079362537e-08
215,Cluster_15097,FUN_006067,ptg000001l:7468067-7472770;2 10;4303 4324,-14.77,8,100.00%,100.00%,0.70135570706624,0.70135570706624,1,4.63116730921161e-07
216,Cluster_15097,FUN_024281,ptg000018l:4342274-4347272;2 20;3719 3739,-11.59,18,72.22%,77.78%,0.72083599909076,0.72083599909076,1,1.55665903787666e-07
217,Cluster_15097,FUN_024316,ptg000018l:4837086-4842084;2 20;3719 3739,-11.59,18,72.22%,77.78%,0.726289464402871,0.726289464402871,1,1.12855341571337e-07
218,Cluster_15097,FUN_025860,ptg000020l:1378727-1394908;2 21;6540 6560,-15.09,19,73.68%,73.68%,0.711178409330636,0.711178409330636,1,2.70228108634658e-07
219,Cluster_15097,FUN_025870,ptg000020l:1468058-1483588;2 10;14974 14995,-12.77,8,100.00%,100.00%,0.744725805316643,0.744725805316643,1,3.58759733249095e-08
220,Cluster_15097,FUN_025870,ptg000020l:1468058-1483588;2 10;14552 14573,-16.31,8,100.00%,100.00%,0.744725805316643,0.744725805316643,1,3.58759733249095e-08
221,Cluster_15097,FUN_025870,ptg000020l:1468058-1483588;2 21;10994 11015,-17.12,19,68.42%,78.95%,0.744725805316643,0.744725805316643,1,3.58759733249095e-08
222,Cluster_15097,FUN_025870,ptg000020l:1468058-1483588;2 16;14719 14740,-18.09,14,85.71%,92.86%,0.744725805316643,0.744725805316643,1,3.58759733249095e-08
223,Cluster_15097,FUN_026042,ptg000020l:4019557-4027729;2 10;1301 1322,-14.34,8,100.00%,100.00%,0.732963552854319,0.732963552854319,1,7.53408749536855e-08
224,Cluster_15097,FUN_026042,ptg000020l:4019557-4027729;2 10;2047 2068,-14.9,8,100.00%,100.00%,0.732963552854319,0.732963552854319,1,7.53408749536855e-08
225,Cluster_15097,FUN_026042,ptg000020l:4019557-4027729;2 10;1771 1792,-14.96,8,100.00%,100.00%,0.732963552854319,0.732963552854319,1,7.53408749536855e-08
226,Cluster_15097,FUN_026042,ptg000020l:4019557-4027729;2 10;1803 1824,-15.14,8,100.00%,100.00%,0.732963552854319,0.732963552854319,1,7.53408749536855e-08
227,Cluster_15097,FUN_026042,ptg000020l:4019557-4027729;2 20;2070 2090,-15.17,18,66.67%,77.78%,0.732963552854319,0.732963552854319,1,7.53408749536855e-08
228,Cluster_15097,FUN_027356,ptg000021l:3870694-3872175;2 11;576 597,-12.52,9,88.89%,88.89%,0.732779017483382,0.732779017483382,1,7.61995330970434e-08
229,Cluster_15097,FUN_037049,ptg000026l:4996213-5007033;2 10;4394 4415,-13.77,8,100.00%,100.00%,0.738817245966657,0.738817245966657,1,5.23356770502748e-08
230,Cluster_15097,FUN_037049,ptg000026l:4996213-5007033;2 10;4244 4265,-14.96,8,100.00%,100.00%,0.738817245966657,0.738817245966657,1,5.23356770502748e-08
231,Cluster_15097,FUN_037049,ptg000026l:4996213-5007033;2 20;4289 4313,-15.3,21,66.67%,71.43%,0.738817245966657,0.738817245966657,1,5.23356770502748e-08
232,Cluster_15097,FUN_037049,ptg000026l:4996213-5007033;2 21;4281 4297,-18.61,19,68.42%,73.68%,0.738817245966657,0.738817245966657,1,5.23356770502748e-08
233,Cluster_15097,FUN_037049,ptg000026l:4996213-5007033;2 20;4417 4437,-15.17,18,66.67%,77.78%,0.738817245966657,0.738817245966657,1,5.23356770502748e-08
234,Cluster_15097,FUN_037049,ptg000026l:4996213-5007033;2 21;5298 5317,-14.57,19,73.68%,73.68%,0.738817245966657,0.738817245966657,1,5.23356770502748e-08
235,Cluster_15097,FUN_038750,ptg000027l:10867414-10869273;2 21;1797 1818,-17.12,19,68.42%,78.95%,0.703960488883382,0.703960488883382,1,4.0231286714681e-07
236,Cluster_15097,FUN_038836,ptg000027l:11918911-11922475;2 21;877 897,-13.76,19,63.16%,68.42%,0.820656475377983,0.820656475377983,1,9.00055646907405e-11
237,Cluster_15097,FUN_038603,ptg000027l:9209103-9213885;2 20;1852 1873,-12.09,18,72.22%,72.22%,0.779123632024305,0.779123632024305,1,3.18830056653499e-09
238,Cluster_15097,FUN_042604,ptg000039l:249497-254646;2 20;4318 4341,-13.37,20,65.00%,75.00%,0.722498290841547,0.722498290841547,1,1.41242649172509e-07
239,Cluster_15097,FUN_044274,ptg000131l:9922-15071;2 15;4674 4695,-12.63,13,69.23%,76.92%,0.778168359325543,0.778168359325543,1,3.42949324985283e-09
240,Cluster_17192,FUN_008375,ptg000002l:10884284-10890328;2 21;5424 5444,-18.08,19,68.42%,73.68%,0.71976978900213,0.71976978900213,1,1.65623275730627e-07
241,Cluster_17192,FUN_016840,ptg000011l:7981946-7994346;2 20;6522 6543,-18.64,18,61.11%,72.22%,-0.705796710535749,0.705796710535749,-1,3.63983009738368e-07
242,Cluster_1832,FUN_008737,ptg000002l:15003470-15036688;2 13;5204 5228,-11.65,14,78.57%,78.57%,0.702892451080094,0.702892451080094,1,4.26290876760404e-07
243,Cluster_1832,FUN_008737,ptg000002l:15003470-15036688;2 10;23432 23453,-10.23,8,100.00%,100.00%,0.702892451080094,0.702892451080094,1,4.26290876760404e-07
244,Cluster_1832,FUN_008737,ptg000002l:15003470-15036688;2 21;29979 29997,-14.41,19,73.68%,78.95%,0.702892451080094,0.702892451080094,1,4.26290876760404e-07
245,Cluster_1832,FUN_008737,ptg000002l:15003470-15036688;2 20;8686 8706,-17.38,18,83.33%,83.33%,0.702892451080094,0.702892451080094,1,4.26290876760404e-07
246,Cluster_1832,FUN_008737,ptg000002l:15003470-15036688;2 21;3731 3754,-18.06,21,80.95%,80.95%,0.702892451080094,0.702892451080094,1,4.26290876760404e-07
247,Cluster_1865,FUN_004041,ntLink_8:18578271-18585132;2 21;4041 4063,-10.17,19,63.16%,73.68%,0.700320587249823,0.700320587249823,1,4.89556332138944e-07
248,Cluster_1865,FUN_004041,ntLink_8:18578271-18585132;2 14;3895 3919,-14.86,13,84.62%,84.62%,0.700320587249823,0.700320587249823,1,4.89556332138944e-07
249,Cluster_1865,FUN_004041,ntLink_8:18578271-18585132;2 12;3960 3983,-12.15,10,90.00%,100.00%,0.700320587249823,0.700320587249823,1,4.89556332138944e-07
250,Cluster_1865,FUN_005301,ntLink_8:33800184-33819745;2 10;4825 4848,-13.55,8,100.00%,100.00%,0.72102389940144,0.72102389940144,1,1.53969692950796e-07
251,Cluster_1865,FUN_005301,ntLink_8:33800184-33819745;2 23;10298 10321,-13.92,21,57.14%,66.67%,0.72102389940144,0.72102389940144,1,1.53969692950796e-07
252,Cluster_1865,FUN_005301,ntLink_8:33800184-33819745;2 23;12610 12633,-16.09,21,57.14%,71.43%,0.72102389940144,0.72102389940144,1,1.53969692950796e-07
253,Cluster_1865,FUN_002678,ntLink_8:5224922-5229631;2 22;2474 2498,-10.75,21,61.90%,71.43%,0.763730561775933,0.763730561775933,1,9.90269913071275e-09
254,Cluster_1865,FUN_008576,ptg000002l:13023285-13029632;2 10;372 395,-10.4,8,87.50%,100.00%,0.703000834551852,0.703000834551852,1,4.23798706913043e-07
255,Cluster_1865,FUN_011691,ptg000008l:228685-242964;2 23;13436 13462,-15.48,24,58.33%,75.00%,0.704335349040456,0.704335349040456,1,3.94197191764751e-07
256,Cluster_1865,FUN_011691,ptg000008l:228685-242964;2 13;13012 13035,-10.6,11,81.82%,100.00%,0.704335349040456,0.704335349040456,1,3.94197191764751e-07
257,Cluster_1865,FUN_011691,ptg000008l:228685-242964;2 23;12834 12860,-16.22,24,66.67%,75.00%,0.704335349040456,0.704335349040456,1,3.94197191764751e-07
258,Cluster_1865,FUN_014634,ptg000009l:1729685-1731702;2 23;1505 1528,-10.74,21,61.90%,76.19%,0.735209563980104,0.735209563980104,1,6.5585094552587e-08
259,Cluster_1865,FUN_017769,ptg000012l:247679-259097;2 23;1709 1732,-13.26,21,57.14%,80.95%,0.720994232646143,0.720994232646143,1,1.54236356442332e-07
260,Cluster_1865,FUN_018069,ptg000012l:3986289-3993886;2 14;6480 6502,-10.33,12,91.67%,91.67%,0.741723365910449,0.741723365910449,1,4.35197581204764e-08
261,Cluster_1865,FUN_022301,ptg000016l:7346912-7353499;2 22;800 824,-12.67,21,57.14%,85.71%,0.758431508684957,0.758431508684957,1,1.43459563299762e-08
262,Cluster_1865,FUN_025359,ptg000019l:1862406-1870274;2 23;2058 2079,-12.45,21,57.14%,71.43%,0.764107263107643,0.764107263107643,1,9.64166388640697e-09
263,Cluster_1865,FUN_025359,ptg000019l:1862406-1870274;2 15;5875 5898,-11.09,13,76.92%,76.92%,0.764107263107643,0.764107263107643,1,9.64166388640697e-09
264,Cluster_1865,FUN_025359,ptg000019l:1862406-1870274;2 22;4172 4195,-16.35,20,65.00%,70.00%,0.764107263107643,0.764107263107643,1,9.64166388640697e-09
265,Cluster_1865,FUN_025359,ptg000019l:1862406-1870274;2 13;33 56,-15.94,11,90.91%,100.00%,0.764107263107643,0.764107263107643,1,9.64166388640697e-09
266,Cluster_1865,FUN_025359,ptg000019l:1862406-1870274;2 22;1502 1525,-11.3,20,65.00%,75.00%,0.764107263107643,0.764107263107643,1,9.64166388640697e-09
267,Cluster_1865,FUN_026711,ptg000020l:12747637-12757757;2 15;7705 7729,-14.63,14,92.86%,92.86%,0.700610266659406,0.700610266659406,1,4.82019969881456e-07
268,Cluster_1865,FUN_032601,ptg000023l:33736169-33770647;2 9;3502 3525,-11.72,7,100.00%,100.00%,0.70342987652355,0.70342987652355,1,4.14064955368933e-07
269,Cluster_1865,FUN_032601,ptg000023l:33736169-33770647;2 22;10807 10828,-12.24,20,65.00%,75.00%,0.70342987652355,0.70342987652355,1,4.14064955368933e-07
270,Cluster_1865,FUN_032601,ptg000023l:33736169-33770647;2 23;7844 7865,-12.66,21,66.67%,76.19%,0.70342987652355,0.70342987652355,1,4.14064955368933e-07
271,Cluster_1865,FUN_032601,ptg000023l:33736169-33770647;2 22;30385 30408,-12.39,20,55.00%,85.00%,0.70342987652355,0.70342987652355,1,4.14064955368933e-07
272,Cluster_1865,FUN_032601,ptg000023l:33736169-33770647;2 23;33292 33315,-15.11,21,66.67%,76.19%,0.70342987652355,0.70342987652355,1,4.14064955368933e-07
273,Cluster_1865,FUN_037106,ptg000026l:5881885-5892401;2 23;491 516,-14.93,23,52.17%,78.26%,0.717692820005372,0.717692820005372,1,1.86735758514782e-07
274,Cluster_1865,FUN_037145,ptg000026l:6327368-6342972;2 22;491 516,-14.38,22,54.55%,77.27%,0.836903419145894,0.836903419145894,1,1.72217056677064e-11
275,Cluster_1865,FUN_037145,ptg000026l:6327368-6342972;2 23;14321 14344,-12.75,21,57.14%,85.71%,0.836903419145894,0.836903419145894,1,1.72217056677064e-11
276,Cluster_1865,FUN_040472,ptg000031l:8992930-9015011;2 22;10002 10026,-16.88,21,66.67%,76.19%,0.721762502980846,0.721762502980846,1,1.47466819855849e-07
277,Cluster_2372,FUN_001310,ntLink_6:10978815-10989664;2 19;6619 6640,-14.83,17,64.71%,82.35%,0.752853078095112,0.752853078095112,1,2.09817456416055e-08
278,Cluster_2372,FUN_008398,ptg000002l:11124618-11136436;2 21;7189 7212,-21.54,21,76.19%,85.71%,0.702745430542467,0.702745430542467,1,4.29693130220455e-07
279,Cluster_2372,FUN_008435,ptg000002l:11515559-11522556;2 19;3696 3716,-11.94,17,64.71%,82.35%,0.704017838509741,0.704017838509741,1,4.01061324616938e-07
280,Cluster_2372,FUN_011416,ptg000007l:9636809-9645872;2 19;8025 8045,-18,17,70.59%,94.12%,0.750663537677807,0.750663537677807,1,2.42924347679551e-08
281,Cluster_2372,FUN_014657,ptg000009l:1872676-1878350;2 19;4083 4106,-18.06,19,68.42%,78.95%,0.733739947155607,0.733739947155607,1,7.18256912354519e-08
282,Cluster_2372,FUN_015056,ptg000009l:5692786-5696241;2 21;867 893,-13.59,24,70.83%,70.83%,0.71229385022813,0.71229385022813,1,2.53838680682317e-07
283,Cluster_2372,FUN_014500,ptg000009l:681469-684543;2 20;379 400,-14.11,18,72.22%,77.78%,0.720000239565649,0.720000239565649,1,1.63422382753228e-07
284,Cluster_2372,FUN_017777,ptg000012l:319104-322946;2 19;2386 2407,-19.62,17,82.35%,88.24%,0.785396132220192,0.785396132220192,1,1.95731384059088e-09
285,Cluster_2372,FUN_021928,ptg000016l:3453910-3463476;2 21;5244 5264,-14.53,19,73.68%,73.68%,0.708108282900857,0.708108282900857,1,3.20533770892707e-07
286,Cluster_2372,FUN_021928,ptg000016l:3453910-3463476;2 21;6931 6952,-11.06,19,73.68%,73.68%,0.708108282900857,0.708108282900857,1,3.20533770892707e-07
287,Cluster_2372,FUN_022907,ptg000017l:1333549-1344898;2 15;8993 9014,-13.74,13,84.62%,84.62%,0.716737755602044,0.716737755602044,1,1.97257863076218e-07
288,Cluster_2372,FUN_022827,ptg000017l:394736-397181;2 19;1594 1615,-16.13,17,64.71%,88.24%,0.712419565465908,0.712419565465908,1,2.5205039687928e-07
289,Cluster_2372,FUN_024561,ptg000018l:8335089-8342035;2 19;5166 5189,-15.39,19,68.42%,78.95%,0.743789513456549,0.743789513456549,1,3.81140653665098e-08
290,Cluster_2372,FUN_025652,ptg000019l:5281411-5286297;2 17;4144 4169,-13.2,19,73.68%,73.68%,0.733493033770701,0.733493033770701,1,7.29267475383288e-08
291,Cluster_2372,FUN_025652,ptg000019l:5281411-5286297;2 17;466 491,-13.2,19,73.68%,73.68%,0.733493033770701,0.733493033770701,1,7.29267475383288e-08
292,Cluster_2372,FUN_026294,ptg000020l:7417240-7461937;2 17;14058 14079,-13.49,15,80.00%,80.00%,0.72313726072987,0.72313726072987,1,1.36035973890708e-07
293,Cluster_2372,FUN_029195,ptg000022l:9165304-9170949;2 21;1909 1933,-16.48,22,63.64%,72.73%,0.734688918478433,0.734688918478433,1,6.7735978182378e-08
294,Cluster_2372,FUN_029260,ptg000022l:9677865-9688616;2 19;6139 6159,-13.57,17,70.59%,76.47%,0.725558063026208,0.725558063026208,1,1.17881448835273e-07
295,Cluster_2372,FUN_029260,ptg000022l:9677865-9688616;2 19;7115 7139,-15.67,20,80.00%,80.00%,0.725558063026208,0.725558063026208,1,1.17881448835273e-07
296,Cluster_2372,FUN_031783,ptg000023l:25381709-25383957;2 10;1543 1564,-13.05,8,100.00%,100.00%,0.702179567953083,0.702179567953083,1,4.43023615795377e-07
297,Cluster_2372,FUN_033937,ptg000024l:2897535-2903217;2 20;5209 5232,-15.92,20,65.00%,75.00%,0.703433204507171,0.703433204507171,1,4.1399026754782e-07
298,Cluster_2372,FUN_033700,ptg000024l:521169-529787;2 21;5875 5897,-17.1,20,70.00%,80.00%,0.742755997753355,0.742755997753355,1,4.07348250873216e-08
299,Cluster_2372,FUN_033700,ptg000024l:521169-529787;2 20;422 443,-17.31,19,78.95%,84.21%,0.742755997753355,0.742755997753355,1,4.07348250873216e-08
300,Cluster_2372,FUN_034880,ptg000025l:1183491-1185159;2 17;1295 1316,-14.01,15,73.33%,86.67%,0.739646317119732,0.739646317119732,1,4.96649810213485e-08
301,Cluster_2372,FUN_038784,ptg000027l:11403144-11407678;2 19;1402 1424,-15.43,18,72.22%,77.78%,0.749625887192791,0.749625887192791,1,2.60255192916092e-08
302,Cluster_2372,FUN_038809,ptg000027l:11617130-11631106;2 20;13379 13401,-15.25,19,63.16%,73.68%,0.725730303069746,0.725730303069746,1,1.16679493696761e-07
303,Cluster_2372,FUN_038809,ptg000027l:11617130-11631106;2 21;4954 4974,-14.62,20,75.00%,75.00%,0.725730303069746,0.725730303069746,1,1.16679493696761e-07
304,Cluster_2372,FUN_039878,ptg000031l:1221564-1223309;2 19;714 735,-12.43,17,64.71%,70.59%,0.776319350256553,0.776319350256553,1,3.94541174140098e-09
305,Cluster_2372,FUN_041950,ptg000035l:9248136-9256716;2 9;7399 7420,-12.59,7,100.00%,100.00%,0.729211207600836,0.729211207600836,1,9.46948432524458e-08
306,Cluster_2500,FUN_006087,ptg000001l:7610079-7628152;2 11;6922 6943,-12.54,9,88.89%,100.00%,0.70323684238311,0.70323684238311,1,4.1841848244043e-07
307,Cluster_2500,FUN_006087,ptg000001l:7610079-7628152;2 21;788 808,-11.61,19,68.42%,84.21%,0.70323684238311,0.70323684238311,1,4.1841848244043e-07
308,Cluster_2500,FUN_006089,ptg000001l:7647061-7655817;2 20;748 767,-14.14,18,72.22%,77.78%,0.766043220737209,0.766043220737209,1,8.39828437881997e-09
309,Cluster_3109,FUN_002508,ntLink_8:2613105-2686349;2 10;1901 1922,-14.05,8,87.50%,100.00%,0.765962211335911,0.765962211335911,1,8.44716651841134e-09
310,Cluster_3109,FUN_002508,ntLink_8:2613105-2686349;2 11;55201 55222,-10.4,9,88.89%,88.89%,0.765962211335911,0.765962211335911,1,8.44716651841134e-09
311,Cluster_3109,FUN_002508,ntLink_8:2613105-2686349;2 20;26859 26879,-16.31,18,72.22%,72.22%,0.765962211335911,0.765962211335911,1,8.44716651841134e-09
312,Cluster_3109,FUN_002508,ntLink_8:2613105-2686349;2 21;5841 5864,-13.57,21,61.90%,76.19%,0.765962211335911,0.765962211335911,1,8.44716651841134e-09
313,Cluster_3109,FUN_002508,ntLink_8:2613105-2686349;2 21;73176 73198,-15.34,20,70.00%,75.00%,0.765962211335911,0.765962211335911,1,8.44716651841134e-09
314,Cluster_3109,FUN_002508,ntLink_8:2613105-2686349;2 18;48861 48881,-15.55,16,75.00%,87.50%,0.765962211335911,0.765962211335911,1,8.44716651841134e-09
315,Cluster_3109,FUN_002508,ntLink_8:2613105-2686349;2 21;31521 31543,-16.34,20,70.00%,80.00%,0.765962211335911,0.765962211335911,1,8.44716651841134e-09
316,Cluster_3109,FUN_002508,ntLink_8:2613105-2686349;2 21;70265 70285,-19.54,19,73.68%,84.21%,0.765962211335911,0.765962211335911,1,8.44716651841134e-09
317,Cluster_3109,FUN_002508,ntLink_8:2613105-2686349;2 21;4732 4755,-21.5,21,71.43%,80.95%,0.765962211335911,0.765962211335911,1,8.44716651841134e-09
318,Cluster_3109,FUN_002508,ntLink_8:2613105-2686349;2 21;56658 56679,-18.25,19,68.42%,84.21%,0.765962211335911,0.765962211335911,1,8.44716651841134e-09
319,Cluster_3109,FUN_009598,ptg000004l:9119735-9123173;2 12;1720 1741,-12.37,10,90.00%,90.00%,0.715364893802085,0.715364893802085,1,2.13347698000641e-07
320,Cluster_3109,FUN_018039,ptg000012l:3706568-3707263;2 9;169 190,-14.23,7,100.00%,100.00%,0.714706336087123,0.714706336087123,1,2.21489788471179e-07
321,Cluster_3109,FUN_027732,ptg000021l:9780312-9784646;2 11;1165 1186,-12.82,9,77.78%,100.00%,0.797019426041264,0.797019426041264,1,7.58270918380364e-10
322,Cluster_3109,FUN_032597,ptg000023l:33693049-33694132;2 19;256 275,-17.74,17,76.47%,82.35%,0.803506648804404,0.803506648804404,1,4.34781306743034e-10
323,Cluster_3109,FUN_038954,ptg000027l:13196175-13197028;2 18;723 741,-14.68,16,75.00%,75.00%,0.780211973720996,0.780211973720996,1,2.93282677158123e-09
324,Cluster_3109,FUN_039381,ptg000029c:997005-1006442;2 9;209 230,-13.71,7,100.00%,100.00%,0.704762992847876,0.704762992847876,1,3.85123786495973e-07
325,Cluster_3109,FUN_040518,ptg000031l:9721468-9732151;2 21;7382 7400,-14.02,19,73.68%,78.95%,0.713340960158422,0.713340960158422,1,2.39295409566116e-07
326,Cluster_3301,FUN_006911,ptg000001l:18206517-18220992;2 21;551 575,-11.94,21,71.43%,71.43%,0.72159049614326,0.72159049614326,1,1.48958060988506e-07
327,Cluster_3301,FUN_006912,ptg000001l:18221064-18230585;2 16;5434 5456,-10.75,14,78.57%,85.71%,0.731000176751106,0.731000176751106,1,8.49552428303189e-08
328,Cluster_3301,FUN_006915,ptg000001l:18252615-18276670;2 16;19970 19992,-10.75,14,78.57%,85.71%,0.757466425825892,0.757466425825892,1,1.5332329562749e-08
329,Cluster_3301,FUN_006915,ptg000001l:18252615-18276670;2 21;551 575,-11.94,21,71.43%,71.43%,0.757466425825892,0.757466425825892,1,1.5332329562749e-08
330,Cluster_3301,FUN_028063,ptg000021l:15391695-15397505;2 22;3147 3168,-14.27,21,76.19%,80.95%,0.756071329979157,0.756071329979157,1,1.68701979628126e-08
331,Cluster_3301,FUN_032110,ptg000023l:28929390-28932288;2 18;2872 2893,-10.59,16,75.00%,75.00%,0.718588727650685,0.718588727650685,1,1.77340380923967e-07
332,Cluster_3301,FUN_035045,ptg000025l:3225421-3235266;2 22;3366 3392,-13.09,24,66.67%,75.00%,0.744260509895334,0.744260509895334,1,3.69724750614048e-08
333,Cluster_4752,FUN_008694,ptg000002l:14436900-14453518;2 9;1843 1863,-13.48,7,100.00%,100.00%,0.734077887579106,0.734077887579106,1,7.03437186020668e-08
334,Cluster_4752,FUN_008694,ptg000002l:14436900-14453518;2 20;15509 15531,-13.38,20,60.00%,75.00%,0.734077887579106,0.734077887579106,1,7.03437186020668e-08
335,Cluster_4752,FUN_008694,ptg000002l:14436900-14453518;2 18;103 122,-11.86,16,75.00%,75.00%,0.734077887579106,0.734077887579106,1,7.03437186020668e-08
336,Cluster_4752,FUN_008694,ptg000002l:14436900-14453518;2 19;7823 7845,-11.89,19,73.68%,84.21%,0.734077887579106,0.734077887579106,1,7.03437186020668e-08
337,Cluster_4752,FUN_016069,ptg000010l:1268613-1271133;2 18;864 884,-10.17,16,68.75%,81.25%,0.74207521122345,0.74207521122345,1,4.25515818642779e-08
338,Cluster_4752,FUN_025511,ptg000019l:3724393-3726934;2 17;1310 1332,-13.23,17,76.47%,82.35%,-0.708115332957157,0.708115332957157,-1,3.20408929569639e-07
339,Cluster_5516,FUN_001808,ntLink_6:16374988-16387139;2 21;7871 7893,-13.95,20,65.00%,65.00%,0.708930466669256,0.708930466669256,1,3.06274211112863e-07
340,Cluster_5516,FUN_000443,ntLink_6:3119756-3146491;2 21;11297 11321,-14.28,22,63.64%,77.27%,0.71515774731635,0.71515774731635,1,2.15878372186019e-07
341,Cluster_5516,FUN_000443,ntLink_6:3119756-3146491;2 20;10053 10074,-16.11,18,72.22%,72.22%,0.71515774731635,0.71515774731635,1,2.15878372186019e-07
342,Cluster_5516,FUN_005080,ntLink_8:30911222-30914454;2 21;1860 1884,-12.72,23,69.57%,69.57%,0.711995054923338,0.711995054923338,1,2.58136249939274e-07
343,Cluster_5516,FUN_005080,ntLink_8:30911222-30914454;2 21;861 890,-16.49,27,66.67%,66.67%,0.711995054923338,0.711995054923338,1,2.58136249939274e-07
344,Cluster_5516,FUN_005087,ntLink_8:30946013-30950478;2 21;2652 2676,-12.72,23,69.57%,69.57%,0.712493681886411,0.712493681886411,1,2.51001572607336e-07
345,Cluster_5516,FUN_005087,ntLink_8:30946013-30950478;2 21;1312 1341,-17.41,27,66.67%,66.67%,0.712493681886411,0.712493681886411,1,2.51001572607336e-07
346,Cluster_5516,FUN_005090,ntLink_8:30954464-30978183;2 16;12646 12667,-10.75,14,71.43%,78.57%,0.706378468888531,0.706378468888531,1,3.5256268358756e-07
347,Cluster_5516,FUN_005090,ntLink_8:30954464-30978183;2 21;11729 11758,-16.49,27,66.67%,66.67%,0.706378468888531,0.706378468888531,1,3.5256268358756e-07
348,Cluster_5516,FUN_005090,ntLink_8:30954464-30978183;2 20;16786 16807,-10.48,18,66.67%,72.22%,0.706378468888531,0.706378468888531,1,3.5256268358756e-07
349,Cluster_5516,FUN_005090,ntLink_8:30954464-30978183;2 21;8748 8769,-10.2,19,63.16%,73.68%,0.706378468888531,0.706378468888531,1,3.5256268358756e-07
350,Cluster_5516,FUN_034767,ptg000024l:11708514-11712461;2 9;976 997,-11.31,7,100.00%,100.00%,0.734999823223701,0.734999823223701,1,6.64438298401288e-08
351,Cluster_5516,FUN_037200,ptg000026l:7000847-7010892;2 18;4473 4496,-12.96,19,73.68%,73.68%,0.721498975113991,0.721498975113991,1,1.4975720254203e-07
352,Cluster_5516,FUN_037200,ptg000026l:7000847-7010892;2 16;1788 1809,-17.58,14,92.86%,92.86%,0.721498975113991,0.721498975113991,1,1.4975720254203e-07
353,Cluster_5516,FUN_038782,ptg000027l:11367637-11377499;2 16;7540 7561,-17.58,14,92.86%,92.86%,0.702345275669092,0.702345275669092,1,4.39080842600947e-07
354,Cluster_5685,FUN_000442,ntLink_6:3111067-3119137;2 15;5467 5488,-14.04,13,69.23%,92.31%,0.975276831854474,0.975276831854474,1,1.60478728719788e-26
355,Cluster_5685,FUN_000443,ntLink_6:3119756-3146491;2 15;20291 20312,-14.04,13,69.23%,92.31%,0.940916084021749,0.940916084021749,1,1.83776214948152e-19
356,Cluster_5685,FUN_000443,ntLink_6:3119756-3146491;2 16;22993 23014,-11.05,14,71.43%,85.71%,0.940916084021749,0.940916084021749,1,1.83776214948152e-19
357,Cluster_5685,FUN_005090,ntLink_8:30954464-30978183;2 16;14105 14126,-20.31,14,92.86%,100.00%,0.906990271425285,0.906990271425285,1,7.54982843796334e-16
358,Cluster_5685,FUN_007079,ptg000001l:20163207-20214785;2 19;19410 19431,-10.68,17,58.82%,70.59%,0.711556473104322,0.711556473104322,1,2.64566485504748e-07
359,Cluster_5685,FUN_007079,ptg000001l:20163207-20214785;2 13;45876 45896,-11.19,11,90.91%,90.91%,0.711556473104322,0.711556473104322,1,2.64566485504748e-07
360,Cluster_5685,FUN_006140,ptg000001l:8276165-8310705;2 12;9630 9651,-13.41,10,90.00%,90.00%,0.748712099474791,0.748712099474791,1,2.76462349618777e-08
361,Cluster_5685,FUN_006140,ptg000001l:8276165-8310705;2 19;25986 26006,-11.16,17,64.71%,82.35%,0.748712099474791,0.748712099474791,1,2.76462349618777e-08
362,Cluster_5685,FUN_008590,ptg000002l:13206253-13220214;2 21;4614 4635,-11.28,19,63.16%,73.68%,0.87194629694686,0.87194629694686,1,2.3953278591719e-13
363,Cluster_5685,FUN_008079,ptg000002l:7751260-7778213;2 10;10522 10543,-11.12,8,100.00%,100.00%,0.707521213174679,0.707521213174679,1,3.31088874431137e-07
364,Cluster_5685,FUN_008079,ptg000002l:7751260-7778213;2 12;1392 1413,-13.02,10,90.00%,90.00%,0.707521213174679,0.707521213174679,1,3.31088874431137e-07
365,Cluster_5685,FUN_023695,ptg000017l:10712326-10714974;2 21;1202 1227,-12.83,23,69.57%,73.91%,0.802242191258436,0.802242191258436,1,4.85341569324897e-10
366,Cluster_5685,FUN_026358,ptg000020l:7964092-7972538;2 19;3447 3466,-12.73,17,82.35%,82.35%,0.767398914185153,0.767398914185153,1,7.61835086354612e-09
367,Cluster_5685,FUN_031919,ptg000023l:26744457-26747304;2 10;1399 1420,-10.39,8,100.00%,100.00%,0.94114132359426,0.94114132359426,1,1.7125049484226e-19
368,Cluster_5685,FUN_031971,ptg000023l:27288575-27292522;2 16;3874 3894,-14.39,14,85.71%,85.71%,0.75758924192517,0.75758924192517,1,1.52033902974534e-08
369,Cluster_5685,FUN_031973,ptg000023l:27304346-27324627;2 21;13180 13203,-13.6,21,71.43%,76.19%,0.791537289676874,0.791537289676874,1,1.19479117657786e-09
370,Cluster_5685,FUN_032657,ptg000023l:34628219-34651183;2 21;390 415,-12.83,23,69.57%,73.91%,0.981074397796587,0.981074397796587,1,1.05226917585387e-28
371,Cluster_9420,FUN_000443,ntLink_6:3119756-3146491;2 17;9550 9572,-16.11,17,70.59%,76.47%,0.807165424629454,0.807165424629454,1,3.14824060309007e-10
372,Cluster_9420,FUN_008325,ptg000002l:10312872-10331638;2 20;10521 10541,-16.37,18,66.67%,77.78%,0.766993806705757,0.766993806705757,1,7.84403444407301e-09
373,Cluster_9420,FUN_011949,ptg000008l:3448830-3450322;2 17;997 1016,-14.94,15,80.00%,86.67%,0.761526659442986,0.761526659442986,1,1.15665809745705e-08
374,Cluster_9420,FUN_022912,ptg000017l:1395661-1404197;2 9;1570 1590,-12.89,7,100.00%,100.00%,0.71699454341416,0.71699454341416,1,1.94376084019948e-07
375,Cluster_9420,FUN_022912,ptg000017l:1395661-1404197;2 11;5079 5099,-15.48,9,100.00%,100.00%,0.71699454341416,0.71699454341416,1,1.94376084019948e-07
376,Cluster_9420,FUN_022912,ptg000017l:1395661-1404197;2 19;838 857,-20.01,17,70.59%,82.35%,0.71699454341416,0.71699454341416,1,1.94376084019948e-07
377,Cluster_9420,FUN_032657,ptg000023l:34628219-34651183;2 10;20445 20465,-13.5,8,100.00%,100.00%,0.758587298867625,0.758587298867625,1,1.41923796438586e-08
378,Cluster_9420,FUN_032657,ptg000023l:34628219-34651183;2 10;20424 20444,-15.04,8,100.00%,100.00%,0.758587298867625,0.758587298867625,1,1.41923796438586e-08
379,Cluster_9706,FUN_015940,ptg000009l:18247413-18263194;2 17;4004 4025,-14.25,15,80.00%,86.67%,0.70088616290491,0.70088616290491,1,4.74942047362108e-07
380,Cluster_9706,FUN_018186,ptg000012l:5622423-5626992;2 17;21 42,-14.22,15,66.67%,86.67%,0.74378374468824,0.74378374468824,1,3.8128248444582e-08
381,Cluster_9706,FUN_026257,ptg000020l:6808912-6818601;2 10;8617 8638,-13.46,8,100.00%,100.00%,0.71778357726173,0.71778357726173,1,1.85763413889976e-07
382,Cluster_9706,FUN_026270,ptg000020l:6993389-7011221;2 15;14595 14616,-11.19,13,61.54%,84.62%,0.701404108318301,0.701404108318301,1,4.61913365486059e-07
383,Cluster_9706,FUN_027797,ptg000021l:10946962-10958364;2 21;3725 3750,-13.93,23,65.22%,65.22%,0.706424718678816,0.706424718678816,1,3.51669143996562e-07
384,Cluster_9706,FUN_027797,ptg000021l:10946962-10958364;2 19;6669 6690,-10.61,17,70.59%,76.47%,0.706424718678816,0.706424718678816,1,3.51669143996562e-07
385,Cluster_9786,FUN_043580,ptg000047l:10121193-10165350;2 9;38742 38762,-14.14,7,100.00%,100.00%,-0.723151716458891,0.723151716458891,-1,1.35920266090711e-07
386,Cluster_9786,FUN_043580,ptg000047l:10121193-10165350;2 20;25645 25663,-15.04,18,72.22%,72.22%,-0.723151716458891,0.723151716458891,-1,1.35920266090711e-07
387,Cluster_9786,FUN_043580,ptg000047l:10121193-10165350;2 16;15741 15762,-21.42,15,73.33%,86.67%,-0.723151716458891,0.723151716458891,-1,1.35920266090711e-07
388,Cluster_9786,FUN_043580,ptg000047l:10121193-10165350;2 17;3969 3992,-16.02,18,72.22%,77.78%,-0.723151716458891,0.723151716458891,-1,1.35920266090711e-07
389,Cluster_11565,FUN_001912,ntLink_6:17716257-17717257;2 16;494 514,-12.24,14,78.57%,78.57%,0.912179376056457,0.912179376056457,1,2.65658194271452e-16
390,Cluster_11565,FUN_008072,ptg000002l:7677765-7678765;2 21;980 1000,-16.51,19,78.95%,78.95%,0.758821446343603,0.758821446343603,1,1.39644348998453e-08
391,Cluster_11565,FUN_016328,ptg000011l:1650833-1651833;2 12;901 923,-17.83,11,90.91%,90.91%,0.740298012533794,0.740298012533794,1,4.76551352008055e-08
392,Cluster_12081,FUN_003885,ntLink_8:16485205-16486205;2 20;122 143,-15.09,19,63.16%,73.68%,0.729819823509723,0.729819823509723,1,9.12707901238627e-08
393,Cluster_12081,FUN_013962,ptg000008l:29366979-29367027;2 18;17 37,-16.33,16,62.50%,81.25%,0.717666482863638,0.717666482863638,1,1.87018807762293e-07
394,Cluster_12081,FUN_017265,ptg000011l:11438633-11439633;2 20;125 145,-17.69,18,66.67%,77.78%,0.821662629871198,0.821662629871198,1,8.16413043445516e-11
395,Cluster_12081,FUN_038519,ptg000027l:8273378-8274378;2 13;979 998,-16.98,11,81.82%,90.91%,0.809090505759008,0.809090505759008,1,2.64912916474614e-10
396,Cluster_12081,FUN_043163,ptg000047l:4812852-4813852;2 15;464 484,-14.54,13,84.62%,84.62%,0.79677479845283,0.79677479845283,1,7.74039556944466e-10
397,Cluster_12083,FUN_003885,ntLink_8:16485205-16486205;2 20;122 143,-15.09,19,63.16%,73.68%,0.764784986025296,0.764784986025296,1,9.18810188401739e-09
398,Cluster_12083,FUN_017265,ptg000011l:11438633-11439633;2 20;125 145,-17.69,18,66.67%,77.78%,0.805902727284111,0.805902727284111,1,3.52198168697503e-10
399,Cluster_12083,FUN_026905,ptg000020l:14803371-14804371;2 17;545 568,-16.98,18,72.22%,77.78%,0.790302819836423,0.790302819836423,1,1.32114773635106e-09
400,Cluster_12083,FUN_043163,ptg000047l:4812852-4813852;2 15;464 484,-14.54,13,84.62%,84.62%,0.760025648173912,0.760025648173912,1,1.28450002923159e-08
401,Cluster_12087,FUN_003885,ntLink_8:16485205-16486205;2 20;122 143,-15.09,19,63.16%,73.68%,0.774975635241526,0.774975635241526,1,4.3647930170724e-09
402,Cluster_12087,FUN_017265,ptg000011l:11438633-11439633;2 20;125 145,-17.69,18,66.67%,77.78%,0.785232468465495,0.785232468465495,1,1.98279682876981e-09
403,Cluster_12087,FUN_026905,ptg000020l:14803371-14804371;2 17;545 568,-16.98,18,72.22%,77.78%,0.749371852533597,0.749371852533597,1,2.6466980402127e-08
404,Cluster_14532,FUN_025975,ptg000020l:2722511-2723511;2 18;328 349,-15.75,16,81.25%,87.50%,0.736045999880454,0.736045999880454,1,6.22619454262574e-08
405,Cluster_14532,FUN_039363,ptg000029c:630229-631229;2 22;313 338,-12.35,23,60.87%,69.57%,0.741280403620279,0.741280403620279,1,4.47677655954947e-08
406,Cluster_14605,FUN_016891,ptg000011l:8501182-8502182;2 21;404 424,-11.34,19,78.95%,84.21%,0.711523849136843,0.711523849136843,1,2.65050675629404e-07
407,Cluster_14633,FUN_003602,ntLink_8:13382436-13383020;2 20;554 574,-14.24,18,66.67%,83.33%,0.792884867821705,0.792884867821705,1,1.06978956854293e-09
408,Cluster_14633,FUN_004823,ntLink_8:27432129-27433129;2 21;713 736,-10.04,21,76.19%,80.95%,0.743383704538044,0.743383704538044,1,3.91238354815866e-08
409,Cluster_14633,FUN_008102,ptg000002l:8045972-8046972;2 21;612 633,-13.7,19,78.95%,89.47%,0.758846762059477,0.758846762059477,1,1.39399950171148e-08
410,Cluster_14633,FUN_010858,ptg000007l:3648545-3649545;2 21;102 124,-12.21,20,75.00%,90.00%,0.792647692884822,0.792647692884822,1,1.09086435139435e-09
411,Cluster_14633,FUN_022574,ptg000016l:10836700-10837700;2 17;329 350,-10.68,15,80.00%,80.00%,0.721389266208737,0.721389266208737,1,1.50720392887264e-07
412,Cluster_14633,FUN_024469,ptg000018l:6753976-6754976;2 20;602 623,-12.34,18,72.22%,83.33%,0.701159912793142,0.701159912793142,1,4.68014259781815e-07
413,Cluster_14633,FUN_034988,ptg000025l:2550904-2551904;2 21;406 426,-10.69,20,80.00%,85.00%,0.723225841005801,0.723225841005801,1,1.35328383999289e-07
414,Cluster_15097,FUN_022352,ptg000016l:7945925-7946925;2 10;74 95,-14.96,8,100.00%,100.00%,0.72212138387442,0.72212138387442,1,1.44399893006294e-07
415,Cluster_15097,FUN_022352,ptg000016l:7945925-7946925;2 10;106 127,-15.45,8,100.00%,100.00%,0.72212138387442,0.72212138387442,1,1.44399893006294e-07
416,Cluster_15097,FUN_022352,ptg000016l:7945925-7946925;2 10;248 269,-16.51,8,100.00%,100.00%,0.72212138387442,0.72212138387442,1,1.44399893006294e-07
417,Cluster_15097,FUN_025860,ptg000020l:1377727-1378727;2 17;127 148,-16.96,15,73.33%,80.00%,0.711178409330636,0.711178409330636,1,2.70228108634658e-07
418,Cluster_15097,FUN_038750,ptg000027l:10869273-10869731;2 13;229 250,-12.7,11,81.82%,90.91%,0.703960488883382,0.703960488883382,1,4.0231286714681e-07
419,Cluster_1865,FUN_005301,ntLink_8:33799184-33800184;2 22;189 214,-19.42,22,68.18%,81.82%,0.72102389940144,0.72102389940144,1,1.53969692950796e-07
420,Cluster_1865,FUN_014179,ptg000008l:32833861-32834861;2 23;763 787,-14.1,22,63.64%,68.18%,0.700591558120442,0.700591558120442,1,4.82503436753493e-07
421,Cluster_1865,FUN_014180,ptg000008l:32837854-32838854;2 9;558 581,-14.34,7,100.00%,100.00%,0.718830498201236,0.718830498201236,1,1.74881065059432e-07
422,Cluster_1865,FUN_017769,ptg000012l:259097-260097;2 14;922 945,-10.62,12,75.00%,83.33%,0.720994232646143,0.720994232646143,1,1.54236356442332e-07
423,Cluster_1865,FUN_022304,ptg000016l:7380779-7381779;2 23;430 453,-16.86,22,68.18%,81.82%,0.751285668522006,0.751285668522006,1,2.3305463854244e-08
424,Cluster_1865,FUN_035137,ptg000025l:4388751-4389751;2 10;211 234,-11.07,8,100.00%,100.00%,0.714224001471532,0.714224001471532,1,2.27634673557606e-07
425,Cluster_1865,FUN_039958,ptg000031l:2093538-2094538;2 10;67 90,-13.25,8,100.00%,100.00%,0.709625504838835,0.709625504838835,1,2.94680140609528e-07
426,Cluster_1865,FUN_039958,ptg000031l:2093538-2094538;2 23;252 276,-16.49,22,59.09%,77.27%,0.709625504838835,0.709625504838835,1,2.94680140609528e-07
427,Cluster_2372,FUN_022771,ptg000016l:12836968-12837968;2 20;181 204,-14.44,20,70.00%,75.00%,0.713480905775565,0.713480905775565,1,2.37411257621046e-07
428,Cluster_2372,FUN_032052,ptg000023l:28445985-28446515;2 19;89 108,-14.86,17,82.35%,82.35%,0.710716150314954,0.710716150314954,1,2.7730294287121e-07
429,Cluster_3109,FUN_001927,ntLink_6:17897083-17898083;2 10;794 815,-11.21,8,87.50%,100.00%,0.84048409317721,0.84048409317721,1,1.16745599069956e-11
430,Cluster_3109,FUN_009784,ptg000004l:11588944-11589944;2 21;753 773,-13.81,19,63.16%,78.95%,0.86060481253996,0.86060481253996,1,1.08342190410297e-12
431,Cluster_3109,FUN_027878,ptg000021l:12568860-12569860;2 10;472 493,-11.21,8,87.50%,100.00%,0.761181548406382,0.761181548406382,1,1.18495597963974e-08
432,Cluster_3109,FUN_037109,ptg000026l:5924071-5925071;2 21;391 412,-19.24,19,68.42%,89.47%,0.712287175802664,0.712287175802664,1,2.5393395114495e-07
433,Cluster_3109,FUN_040516,ptg000031l:9686015-9687015;2 11;530 552,-11.11,10,90.00%,90.00%,0.733202805758367,0.733202805758367,1,7.42409789669323e-08
434,Cluster_4752,FUN_016069,ptg000010l:1271133-1272133;2 18;791 811,-12.02,16,68.75%,81.25%,0.74207521122345,0.74207521122345,1,4.25515818642779e-08
435,Cluster_5516,FUN_001808,ntLink_6:16387139-16388139;2 20;653 676,-15.64,20,70.00%,70.00%,0.708930466669256,0.708930466669256,1,3.06274211112863e-07
436,Cluster_5516,FUN_004800,ntLink_8:27189953-27190139;2 17;99 120,-11.69,15,80.00%,80.00%,0.722965325257809,0.722965325257809,1,1.3741921471956e-07
437,Cluster_5685,FUN_008590,ptg000002l:13220214-13221214;2 20;865 887,-10.24,20,80.00%,80.00%,0.87194629694686,0.87194629694686,1,2.3953278591719e-13
438,Cluster_5685,FUN_027906,ptg000021l:12960200-12961200;2 15;580 600,-11.68,13,84.62%,84.62%,0.892581880836208,0.892581880836208,1,1.02406034629147e-14
439,Cluster_5685,FUN_028922,ptg000022l:5983696-5984696;2 20;798 823,-15.79,22,77.27%,77.27%,0.763459506410553,0.763459506410553,1,1.0094582202822e-08
440,Cluster_5685,FUN_034222,ptg000024l:6207050-6208050;2 21;491 512,-11.8,19,73.68%,73.68%,0.825853784997034,0.825853784997034,1,5.40231035464278e-11
441,Cluster_9420,FUN_022643,ptg000016l:11805493-11806493;2 11;490 510,-12.98,9,88.89%,100.00%,0.711707091808939,0.711707091808939,1,2.62341669280645e-07
442,Cluster_11565,FUN_004255,ntLink_8:21312630-21313630;2 17;19 40,-14.98,15,73.33%,80.00%,0.713457790676208,0.713457790676208,1,2.37721516681754e-07
443,Cluster_11565,FUN_010858,ptg000007l:3646091-3647091;2 18;211 232,-17.74,16,75.00%,87.50%,0.911224518014561,0.911224518014561,1,3.23492130015751e-16
444,Cluster_11565,FUN_018759,ptg000012l:13115232-13116232;2 15;620 641,-19.35,13,84.62%,92.31%,0.727854189244972,0.727854189244972,1,1.02762895919407e-07
445,Cluster_11565,FUN_032684,ptg000023l:34928692-34929692;2 9;163 184,-14.46,7,100.00%,100.00%,0.71135457162476,0.71135457162476,1,2.67576213322344e-07
446,Cluster_11565,FUN_041447,ptg000035l:3793460-3794460;2 20;938 959,-15.9,18,50.00%,88.89%,0.713457318609655,0.713457318609655,1,2.37727856836563e-07
447,Cluster_12081,FUN_008750,ptg000002l:15194547-15195547;2 18;14 34,-13.3,16,68.75%,75.00%,0.81149752702448,0.81149752702448,1,2.12901268245117e-10
448,Cluster_12081,FUN_009630,ptg000004l:9708241-9709241;2 20;784 804,-20.17,18,66.67%,72.22%,0.775389578192027,0.775389578192027,1,4.23136640042552e-09
449,Cluster_12081,FUN_015199,ptg000009l:7412390-7413390;2 17;794 812,-14.03,15,80.00%,80.00%,0.703578486095894,0.703578486095894,1,4.10741922168914e-07
450,Cluster_12081,FUN_016910,ptg000011l:8772936-8773936;2 19;74 95,-19.71,18,72.22%,77.78%,0.744351408198658,0.744351408198658,1,3.67558492785941e-08
451,Cluster_12081,FUN_018153,ptg000012l:5000016-5001016;2 17;355 373,-12.31,15,66.67%,80.00%,0.746593791144948,0.746593791144948,1,3.17710542626823e-08
452,Cluster_12081,FUN_018153,ptg000012l:5000016-5001016;2 19;725 745,-18.66,17,64.71%,82.35%,0.746593791144948,0.746593791144948,1,3.17710542626823e-08
453,Cluster_12081,FUN_028434,ptg000021l:19826645-19826994;2 20;215 237,-16.86,20,65.00%,70.00%,0.761568657281243,0.761568657281243,1,1.15325769865687e-08
454,Cluster_12081,FUN_028435,ptg000021l:19826645-19826994;2 20;215 237,-16.86,20,65.00%,70.00%,0.860011677542976,0.860011677542976,1,1.16810863541252e-12
455,Cluster_12083,FUN_008750,ptg000002l:15194547-15195547;2 18;14 34,-13.3,16,68.75%,75.00%,0.767430806194245,0.767430806194245,1,7.60084331543042e-09
456,Cluster_12083,FUN_009630,ptg000004l:9708241-9709241;2 20;784 804,-20.17,18,66.67%,72.22%,0.700050693621086,0.700050693621086,1,4.96675815713485e-07
457,Cluster_12083,FUN_016910,ptg000011l:8772936-8773936;2 19;74 95,-19.71,18,72.22%,77.78%,0.774358190697522,0.774358190697522,1,4.57112034424816e-09
458,Cluster_12083,FUN_018153,ptg000012l:5000016-5001016;2 17;355 373,-12.31,15,66.67%,80.00%,0.710931031395699,0.710931031395699,1,2.73993149725014e-07
459,Cluster_12083,FUN_018153,ptg000012l:5000016-5001016;2 19;725 745,-18.66,17,64.71%,82.35%,0.710931031395699,0.710931031395699,1,2.73993149725014e-07
460,Cluster_12083,FUN_018267,ptg000012l:6861097-6862097;2 19;708 728,-24.49,17,70.59%,88.24%,0.735603232203244,0.735603232203244,1,6.40010641194644e-08
461,Cluster_12083,FUN_028434,ptg000021l:19826645-19826994;2 20;215 237,-16.86,20,65.00%,70.00%,0.78593924140121,0.78593924140121,1,1.87492310161528e-09
462,Cluster_12083,FUN_028435,ptg000021l:19826645-19826994;2 20;215 237,-16.86,20,65.00%,70.00%,0.761204077959672,0.761204077959672,1,1.18308914885168e-08
463,Cluster_12087,FUN_008750,ptg000002l:15194547-15195547;2 18;14 34,-13.3,16,68.75%,75.00%,0.810666266980935,0.810666266980935,1,2.29674106565497e-10
464,Cluster_12087,FUN_016910,ptg000011l:8772936-8773936;2 19;74 95,-19.71,18,72.22%,77.78%,0.753362392382652,0.753362392382652,1,2.02743417202184e-08
465,Cluster_12087,FUN_018153,ptg000012l:5000016-5001016;2 17;355 373,-12.31,15,66.67%,80.00%,0.705252605080225,0.705252605080225,1,3.74972954380999e-07
466,Cluster_12087,FUN_018153,ptg000012l:5000016-5001016;2 19;725 745,-18.66,17,64.71%,82.35%,0.705252605080225,0.705252605080225,1,3.74972954380999e-07
467,Cluster_12087,FUN_018267,ptg000012l:6861097-6862097;2 19;708 728,-24.49,17,70.59%,88.24%,0.744443686190461,0.744443686190461,1,3.65371424434646e-08
468,Cluster_12087,FUN_028434,ptg000021l:19826645-19826994;2 20;215 237,-16.86,20,65.00%,70.00%,0.761007182595088,0.761007182595088,1,1.19949719954941e-08
469,Cluster_12087,FUN_028435,ptg000021l:19826645-19826994;2 20;215 237,-16.86,20,65.00%,70.00%,0.709693181646881,0.709693181646881,1,2.9357318818075e-07
470,Cluster_14146,FUN_012903,ptg000008l:14504213-14505213;2 10;549 570,-11.82,8,100.00%,100.00%,0.728832314047689,0.728832314047689,1,9.68862725502521e-08
471,Cluster_14146,FUN_037576,ptg000026l:11951971-11952971;2 19;433 454,-14.14,17,70.59%,70.59%,0.735390675921475,0.735390675921475,1,6.48518750074443e-08
472,Cluster_14165,FUN_034958,ptg000025l:2107061-2108061;2 19;102 122,-14.24,17,58.82%,70.59%,0.795267459049065,0.795267459049065,1,8.78165469413117e-10
473,Cluster_14633,FUN_001912,ntLink_6:17719679-17720679;2 17;437 458,-10.38,15,66.67%,80.00%,0.766610068322718,0.766610068322718,1,8.06354316418667e-09
474,Cluster_14633,FUN_000269,ntLink_6:927813-928813;2 20;37 60,-11.32,20,70.00%,85.00%,0.705176715591849,0.705176715591849,1,3.76529944155679e-07
475,Cluster_14633,FUN_006579,ptg000001l:14342343-14343343;2 12;908 929,-11.13,10,90.00%,100.00%,0.719907851434259,0.719907851434259,1,1.64301450251716e-07
476,Cluster_14633,FUN_008999,ptg000004l:1294298-1295298;2 20;747 767,-13.12,18,83.33%,83.33%,0.727387351742003,0.727387351742003,1,1.05682710236888e-07
477,Cluster_14633,FUN_010858,ptg000007l:3646091-3647091;2 21;283 305,-11.72,20,70.00%,75.00%,0.792647692884822,0.792647692884822,1,1.09086435139435e-09
478,Cluster_14633,FUN_011398,ptg000007l:9469561-9470561;2 20;73 99,-10.82,23,69.57%,73.91%,0.756566076484715,0.756566076484715,1,1.63091064464906e-08
479,Cluster_14633,FUN_022320,ptg000016l:7526970-7527970;2 21;409 430,-13.42,20,80.00%,85.00%,0.708504596124534,0.708504596124534,1,3.1358532742408e-07
480,Cluster_15097,FUN_002861,ntLink_8:7082508-7083508;2 21;828 848,-11.05,19,68.42%,68.42%,0.710867452437249,0.710867452437249,1,2.74968621113967e-07
481,Cluster_15097,FUN_007778,ptg000002l:4691044-4692044;2 20;947 971,-10.81,21,66.67%,76.19%,0.705102491141753,0.705102491141753,1,3.78058555831385e-07
482,Cluster_15097,FUN_009033,ptg000004l:1772039-1773039;2 20;391 415,-16.3,21,66.67%,76.19%,0.767538974036063,0.767538974036063,1,7.54174187509401e-09
483,Cluster_15097,FUN_009033,ptg000004l:1772039-1773039;2 20;565 588,-17.6,21,71.43%,76.19%,0.767538974036063,0.767538974036063,1,7.54174187509401e-09
484,Cluster_15097,FUN_009206,ptg000004l:3970659-3971659;2 17;491 512,-13.13,15,73.33%,80.00%,0.840639432736854,0.840639432736854,1,1.14768478234155e-11
485,Cluster_15097,FUN_041419,ptg000035l:3499394-3500394;2 21;288 310,-18.5,20,75.00%,80.00%,0.714365207733336,0.714365207733336,1,2.25819575631306e-07
486,Cluster_1865,FUN_013051,ptg000008l:18930809-18931809;2 22;105 130,-17.08,22,63.64%,81.82%,0.728019345078732,0.728019345078732,1,1.01747982678445e-07
487,Cluster_1865,FUN_022301,ptg000016l:7345912-7346912;2 13;832 855,-10.51,11,72.73%,100.00%,0.758431508684957,0.758431508684957,1,1.43459563299762e-08
488,Cluster_1865,FUN_025359,ptg000019l:1870274-1871274;2 23;27 50,-18.31,21,66.67%,85.71%,0.764107263107643,0.764107263107643,1,9.64166388640697e-09
489,Cluster_1865,FUN_040472,ptg000031l:8991930-8992930;2 19;894 918,-14.85,18,66.67%,77.78%,0.721762502980846,0.721762502980846,1,1.47466819855849e-07
490,Cluster_3109,FUN_011059,ptg000007l:5954187-5954973;2 21;390 410,-13.89,19,63.16%,84.21%,0.742679188025367,0.742679188025367,1,4.0936132362137e-08
491,Cluster_3109,FUN_027717,ptg000021l:9456812-9457812;2 13;291 312,-18.25,11,90.91%,100.00%,0.70899040639624,0.70899040639624,1,3.05257956317817e-07
492,Cluster_3301,FUN_009162,ptg000004l:3395616-3396616;2 20;39 61,-10.67,18,66.67%,77.78%,0.706201611286439,0.706201611286439,1,3.55998956049819e-07
493,Cluster_3301,FUN_031330,ptg000023l:19693003-19694003;2 12;233 255,-13.68,10,80.00%,90.00%,0.721620313204537,0.721620313204537,1,1.48698559783804e-07
494,Cluster_3301,FUN_032861,ptg000023l:36893040-36894040;2 15;745 770,-10.5,16,75.00%,75.00%,0.742432632954195,0.742432632954195,1,4.15885807709511e-08
495,Cluster_3301,FUN_032861,ptg000023l:36893040-36894040;2 20;657 677,-12.28,18,72.22%,77.78%,0.742432632954195,0.742432632954195,1,4.15885807709511e-08
496,Cluster_5685,FUN_017000,ptg000011l:10064783-10065783;2 21;459 484,-13.3,23,69.57%,73.91%,0.869130269730965,0.869130269730965,1,3.5298172352146e-13
497,Cluster_5685,FUN_037284,ptg000026l:8093803-8094803;2 16;689 709,-11.82,14,78.57%,85.71%,0.820733022280605,0.820733022280605,1,8.93420568069903e-11
498,Cluster_9420,FUN_029236,ptg000022l:9466702-9467702;2 14;470 490,-16.47,12,83.33%,91.67%,0.70346330228818,0.70346330228818,1,4.13315367790189e-07
499,Cluster_9706,FUN_005779,ptg000001l:3853442-3854442;2 19;588 606,-12.16,17,70.59%,82.35%,0.720539038952963,0.720539038952963,1,1.5838196613644e-07
500,Cluster_9706,FUN_018186,ptg000012l:5626992-5627105;2 15;45 66,-12.48,13,76.92%,76.92%,0.74378374468824,0.74378374468824,1,3.8128248444582e-08
501,Cluster_9706,FUN_037366,ptg000026l:9631141-9632141;2 20;318 340,-12.57,19,73.68%,73.68%,0.700343016279383,0.700343016279383,1,4.88968946249641e-07
502,Cluster_10452,lncRNA_22074,ptg000035l:8554488-8555988;2 12;753 774,-15.99,10,90.00%,90.00%,0.70992349582653,0.70992349582653,1,2.89834833771748e-07
503,Cluster_11565,lncRNA_5655,ptg000008l:8084241-8090717;2 18;771 791,-12.94,16,75.00%,87.50%,0.738817395467588,0.738817395467588,1,5.23351836619934e-08
504,Cluster_12081,lncRNA_2991,ptg000001l:10531416-10533087;2 20;226 246,-20.99,18,66.67%,77.78%,0.782907020276101,0.782907020276101,1,2.38001070243668e-09
505,Cluster_12081,lncRNA_6836,ptg000008l:18429096-18430276;2 19;706 727,-18.41,18,66.67%,77.78%,0.707773327673283,0.707773327673283,1,3.26517241637098e-07
506,Cluster_12081,lncRNA_8107,ptg000009l:13597256-13618041;2 18;15454 15477,-15.27,19,68.42%,73.68%,0.796944589651708,0.796944589651708,1,7.6306270008697e-10
507,Cluster_12081,lncRNA_12250,ptg000018l:11300852-11305084;2 20;1393 1414,-14.95,20,70.00%,75.00%,0.824596073943882,0.824596073943882,1,6.12194632731295e-11
508,Cluster_12081,lncRNA_12250,ptg000018l:11300852-11305084;2 16;1027 1047,-18.99,14,78.57%,92.86%,0.824596073943882,0.824596073943882,1,6.12194632731295e-11
509,Cluster_12081,lncRNA_20089,ptg000029c:102875-105501;2 18;674 694,-17.35,16,68.75%,75.00%,0.718457079416333,0.718457079416333,1,1.78692957362097e-07
510,Cluster_12083,lncRNA_6836,ptg000008l:18429096-18430276;2 19;706 727,-18.41,18,66.67%,77.78%,0.84229995383867,0.84229995383867,1,9.55063507856322e-12
511,Cluster_12083,lncRNA_8107,ptg000009l:13597256-13618041;2 18;15454 15477,-15.27,19,68.42%,73.68%,0.726707349237845,0.726707349237845,1,1.10073648057634e-07
512,Cluster_12083,lncRNA_12088,ptg000018l:8518544-8519807;2 18;34 53,-21.02,16,81.25%,87.50%,0.709574186324939,0.709574186324939,1,2.9552210322372e-07
513,Cluster_12087,lncRNA_6836,ptg000008l:18429096-18430276;2 19;706 727,-18.41,18,66.67%,77.78%,0.75446991330596,0.75446991330596,1,1.88119530782591e-08
514,Cluster_12087,lncRNA_8107,ptg000009l:13597256-13618041;2 18;15454 15477,-15.27,19,68.42%,73.68%,0.724940389933052,0.724940389933052,1,1.22286862573666e-07
515,Cluster_13327,lncRNA_16145,ptg000023l:33032942-33044523;2 15;1355 1376,-15.78,13,76.92%,76.92%,0.719258079524166,0.719258079524166,1,1.7060886882225e-07
516,Cluster_14633,lncRNA_22068,ptg000035l:7892921-7901690;2 16;7267 7290,-10.59,16,68.75%,81.25%,0.72094652554415,0.72094652554415,1,1.54666075698913e-07
517,Cluster_15097,lncRNA_17809,ptg000024l:4912735-4922734;2 20;4329 4350,-14.05,18,61.11%,66.67%,0.78260055049856,0.78260055049856,1,2.43757530543041e-09
518,Cluster_15097,lncRNA_17809,ptg000024l:4912735-4922734;2 19;1887 1909,-11.24,18,66.67%,72.22%,0.78260055049856,0.78260055049856,1,2.43757530543041e-09
519,Cluster_15097,lncRNA_17809,ptg000024l:4912735-4922734;2 13;3533 3554,-20.14,11,100.00%,100.00%,0.78260055049856,0.78260055049856,1,2.43757530543041e-09
520,Cluster_3109,lncRNA_14157,ptg000021l:9789497-9791756;2 19;494 515,-15.14,17,64.71%,76.47%,0.700520841168904,0.700520841168904,1,4.84334959815175e-07
521,Cluster_4752,lncRNA_218,ntLink_6:2412717-2417035;2 20;1130 1150,-11.9,19,63.16%,78.95%,-0.725480211608739,0.725480211608739,-1,1.18428483850105e-07
522,Cluster_4752,lncRNA_2866,ptg000001l:18672799-18676696;2 15;1284 1305,-10.53,14,78.57%,78.57%,-0.750207265823124,0.750207265823124,-1,2.50408371706385e-08
523,Cluster_5603,lncRNA_14164,ptg000021l:11333705-11347411;2 21;8488 8510,-18.21,20,65.00%,70.00%,0.719500597317668,0.719500597317668,1,1.68228930661654e-07
524,Cluster_5603,lncRNA_14164,ptg000021l:11333705-11347411;2 22;11507 11532,-19.16,23,65.22%,73.91%,0.719500597317668,0.719500597317668,1,1.68228930661654e-07
525,Cluster_5685,lncRNA_13045,ptg000020l:7883079-7965887;2 20;15763 15786,-10.05,20,65.00%,75.00%,0.829371596861682,0.829371596861682,1,3.78750071677204e-11
526,Cluster_5685,lncRNA_13045,ptg000020l:7883079-7965887;2 20;25536 25559,-10.05,20,65.00%,75.00%,0.829371596861682,0.829371596861682,1,3.78750071677204e-11
527,Cluster_5685,lncRNA_13045,ptg000020l:7883079-7965887;2 20;37450 37473,-10.05,20,65.00%,75.00%,0.829371596861682,0.829371596861682,1,3.78750071677204e-11
528,Cluster_5685,lncRNA_13045,ptg000020l:7883079-7965887;2 20;63543 63566,-10.05,20,65.00%,75.00%,0.829371596861682,0.829371596861682,1,3.78750071677204e-11
529,Cluster_5685,lncRNA_13045,ptg000020l:7883079-7965887;2 20;77083 77106,-10.05,20,65.00%,75.00%,0.829371596861682,0.829371596861682,1,3.78750071677204e-11
530,Cluster_5685,lncRNA_13045,ptg000020l:7883079-7965887;2 21;59859 59883,-12.42,22,68.18%,72.73%,0.829371596861682,0.829371596861682,1,3.78750071677204e-11
531,Cluster_5685,lncRNA_13045,ptg000020l:7883079-7965887;2 21;19006 19027,-10.25,19,57.89%,78.95%,0.829371596861682,0.829371596861682,1,3.78750071677204e-11
532,Cluster_5685,lncRNA_13045,ptg000020l:7883079-7965887;2 21;28804 28825,-10.25,19,57.89%,78.95%,0.829371596861682,0.829371596861682,1,3.78750071677204e-11
533,Cluster_5685,lncRNA_13045,ptg000020l:7883079-7965887;2 21;40724 40745,-10.25,19,57.89%,78.95%,0.829371596861682,0.829371596861682,1,3.78750071677204e-11
534,Cluster_5685,lncRNA_13045,ptg000020l:7883079-7965887;2 17;32249 32270,-12.53,15,73.33%,86.67%,0.829371596861682,0.829371596861682,1,3.78750071677204e-11
535,Cluster_5685,lncRNA_13045,ptg000020l:7883079-7965887;2 19;11570 11589,-12.73,17,82.35%,82.35%,0.829371596861682,0.829371596861682,1,3.78750071677204e-11
536,Cluster_5685,lncRNA_13045,ptg000020l:7883079-7965887;2 19;1735 1754,-12.73,17,82.35%,82.35%,0.829371596861682,0.829371596861682,1,3.78750071677204e-11
537,Cluster_5685,lncRNA_13045,ptg000020l:7883079-7965887;2 19;20725 20744,-12.73,17,82.35%,82.35%,0.829371596861682,0.829371596861682,1,3.78750071677204e-11
538,Cluster_5685,lncRNA_13045,ptg000020l:7883079-7965887;2 19;44185 44204,-12.73,17,82.35%,82.35%,0.829371596861682,0.829371596861682,1,3.78750071677204e-11
539,Cluster_5685,lncRNA_13045,ptg000020l:7883079-7965887;2 19;55013 55032,-12.73,17,82.35%,82.35%,0.829371596861682,0.829371596861682,1,3.78750071677204e-11
540,Cluster_5685,lncRNA_13045,ptg000020l:7883079-7965887;2 19;72724 72743,-12.73,17,82.35%,82.35%,0.829371596861682,0.829371596861682,1,3.78750071677204e-11
541,Cluster_5685,lncRNA_13045,ptg000020l:7883079-7965887;2 17;56551 56572,-15.02,15,80.00%,86.67%,0.829371596861682,0.829371596861682,1,3.78750071677204e-11
